<?xml version='1.0' encoding='UTF-8'?>
<!DOCTYPE sailpoint PUBLIC "sailpoint.dtd" "sailpoint.dtd">
<sailpoint>
<Application connector="sailpoint.connector.DelimitedFileConnector" featuresString="DIRECT_PERMISSIONS, NO_RANDOM_ACCESS, DISCOVER_SCHEMA" icon="enterpriseIcon" name="Financial" profileClass="" type="DelimitedFile">
  <AccountCorrelationConfig>
    <Reference class="sailpoint.object.CorrelationConfig" name="Correlate Financial"/>
  </AccountCorrelationConfig>
  <Attributes>
    <Map>
      <entry key="acctAggregationEnd">
        <value>
          <Date>1561749662399</Date>
        </value>
      </entry>
      <entry key="acctAggregationStart">
        <value>
          <Date>1561749659285</Date>
        </value>
      </entry>
      <entry key="afterProvisioningRule"/>
      <entry key="beforeProvisioningRule"/>
      <entry key="compositeDefinition"/>
      <entry key="delimiter" value=","/>
      <entry key="file" value="C:\Users\iamadmin\Downloads\IAM\Sailpoint Implementer data\Data\FinanceApp.csv"/>
      <entry key="filetransport" value="local"/>
      <entry key="filterEmptyRecords">
        <value>
          <Boolean>true</Boolean>
        </value>
      </entry>
      <entry key="group.filetransport" value="local"/>
      <entry key="group.filterEmptyRecords">
        <value>
          <Boolean>true</Boolean>
        </value>
      </entry>
      <entry key="group.partitionMode" value="auto"/>
      <entry key="hasHeader">
        <value>
          <Boolean>true</Boolean>
        </value>
      </entry>
      <entry key="indexColumn" value="dbId"/>
      <entry key="isCaseInsensitiveMerge">
        <value>
          <Boolean/>
        </value>
      </entry>
      <entry key="isSortedByIndexColumn">
        <value>
          <Boolean>true</Boolean>
        </value>
      </entry>
      <entry key="mergeColumns">
        <value>
          <List>
            <String>groupmbr</String>
          </List>
        </value>
      </entry>
      <entry key="mergeRows">
        <value>
          <Boolean>true</Boolean>
        </value>
      </entry>
      <entry key="nativeChangeDetectionAttributeScope" value="entitlements"/>
      <entry key="nativeChangeDetectionAttributes"/>
      <entry key="nativeChangeDetectionEnabled">
        <value>
          <Boolean/>
        </value>
      </entry>
      <entry key="nativeChangeDetectionOperations"/>
      <entry key="parseType" value="delimited"/>
      <entry key="partitionMode" value="auto"/>
      <entry key="stopIfLineHasWrongColumnLength">
        <value>
          <Boolean/>
        </value>
      </entry>
      <entry key="sysDescriptions">
        <value>
          <Map>
            <entry key="en_US"/>
          </Map>
        </value>
      </entry>
      <entry key="templateApplication" value="DelimitedFile Template"/>
    </Map>
  </Attributes>
  <Owner>
    <Reference class="sailpoint.object.Identity" name="spadmin"/>
  </Owner>
  <Schemas>
    <Schema displayAttribute="userName" identityAttribute="dbId" instanceAttribute="" nativeObjectType="account" objectType="account" permissionsRemediationModificationType="None">
      <AttributeDefinition name="employeeId" type="string">
        <Description/>
      </AttributeDefinition>
      <AttributeDefinition name="dbId" type="string">
        <Description/>
      </AttributeDefinition>
      <AttributeDefinition name="app2_privileged" type="string">
        <Description/>
      </AttributeDefinition>
      <AttributeDefinition name="acct_lastLogin" type="string">
        <Description/>
      </AttributeDefinition>
      <AttributeDefinition name="app2_service" type="string">
        <Description/>
      </AttributeDefinition>
      <AttributeDefinition name="app2_inactive" type="string">
        <Description/>
      </AttributeDefinition>
      <AttributeDefinition entitlement="true" managed="true" multi="true" name="groupmbr" type="string">
        <Description/>
      </AttributeDefinition>
      <AttributeDefinition name="userName" type="string">
        <Description/>
      </AttributeDefinition>
    </Schema>
  </Schemas>
  <ApplicationScorecard/>
</Application>
<Application connector="sailpoint.connector.JDBCConnector" featuresString="DISCOVER_SCHEMA, PROVISIONING, SYNC_PROVISIONING, DIRECT_PERMISSIONS, SEARCH, ENABLE, UNLOCK" icon="databaseIcon" name="TRAKK" profileClass="" type="JDBC">
  <AccountCorrelationConfig>
    <Reference class="sailpoint.object.CorrelationConfig" name="TRAKK Correlation"/>
  </AccountCorrelationConfig>
  <Attributes>
    <Map>
      <entry key="SQL" value="select *from users;"/>
      <entry key="acctAggregationEnd">
        <value>
          <Date>1561746084129</Date>
        </value>
      </entry>
      <entry key="acctAggregationStart">
        <value>
          <Date>1561746083833</Date>
        </value>
      </entry>
      <entry key="afterProvisioningRule"/>
      <entry key="aggregationMode">
        <value>
          <Boolean/>
        </value>
      </entry>
      <entry key="beforeProvisioningRule"/>
      <entry key="compositeDefinition"/>
      <entry key="deltaTable"/>
      <entry key="driverClass" value="com.mysql.jdbc.Driver"/>
      <entry key="getDeltaSQL"/>
      <entry key="isPermissionEnabled">
        <value>
          <Boolean/>
        </value>
      </entry>
      <entry key="mergeRows">
        <value>
          <Boolean/>
        </value>
      </entry>
      <entry key="nativeChangeDetectionAttributeScope" value="entitlements"/>
      <entry key="nativeChangeDetectionAttributes"/>
      <entry key="nativeChangeDetectionEnabled">
        <value>
          <Boolean/>
        </value>
      </entry>
      <entry key="nativeChangeDetectionOperations"/>
      <entry key="partitionMode">
        <value>
          <Boolean/>
        </value>
      </entry>
      <entry key="partitionStatements"/>
      <entry key="password" value="1:ACP:NlEaFL4sYZfQJpZnl3cm4I1SrfhxEAMhzBOgeRHvWCs="/>
      <entry key="provisionRule" value="globalRule"/>
      <entry key="sysDescriptions">
        <value>
          <Map>
            <entry key="en_US"/>
          </Map>
        </value>
      </entry>
      <entry key="templateApplication" value="JDBC Template"/>
      <entry key="testConnSQL"/>
      <entry key="url" value="jdbc:mysql://localhost/trakk"/>
      <entry key="useExecuteQuery">
        <value>
          <Boolean/>
        </value>
      </entry>
      <entry key="useStoredProcedureDelta">
        <value>
          <Boolean/>
        </value>
      </entry>
      <entry key="useStoredProcedureDirectPermission">
        <value>
          <Boolean/>
        </value>
      </entry>
      <entry key="useStoredProcedureGetObject">
        <value>
          <Boolean/>
        </value>
      </entry>
      <entry key="useStoredProcedurePartition">
        <value>
          <Boolean/>
        </value>
      </entry>
      <entry key="useStoredProcedureSqlStmt">
        <value>
          <Boolean/>
        </value>
      </entry>
      <entry key="useStoredProcedureTestConn">
        <value>
          <Boolean/>
        </value>
      </entry>
      <entry key="user" value="root"/>
    </Map>
  </Attributes>
  <Owner>
    <Reference class="sailpoint.object.Identity" name="spadmin"/>
  </Owner>
  <Schemas>
    <Schema displayAttribute="username" identityAttribute="username" instanceAttribute="" nativeObjectType="account" objectType="account" permissionsRemediationModificationType="None">
      <AttributeDefinition name="id" type="string">
        <Description/>
      </AttributeDefinition>
      <AttributeDefinition name="username" type="string">
        <Description/>
      </AttributeDefinition>
      <AttributeDefinition name="firstname" type="string">
        <Description/>
      </AttributeDefinition>
      <AttributeDefinition name="lastname" type="string">
        <Description/>
      </AttributeDefinition>
      <AttributeDefinition name="email" type="string">
        <Description/>
      </AttributeDefinition>
      <AttributeDefinition name="description" type="string">
        <Description/>
      </AttributeDefinition>
      <AttributeDefinition entitlement="true" managed="true" multi="true" name="capability" type="string">
        <Description/>
      </AttributeDefinition>
    </Schema>
  </Schemas>
  <ApplicationScorecard/>
</Application>
<Application authoritative="true" connector="sailpoint.connector.DelimitedFileConnector" featuresString="DIRECT_PERMISSIONS, NO_RANDOM_ACCESS, DISCOVER_SCHEMA" icon="enterpriseIcon" name="HR Feed - Employees" profileClass="" type="DelimitedFile">
  <Attributes>
    <Map>
      <entry key="acctAggregationEnd">
        <value>
          <Date>1561744180070</Date>
        </value>
      </entry>
      <entry key="acctAggregationStart">
        <value>
          <Date>1561744174771</Date>
        </value>
      </entry>
      <entry key="afterProvisioningRule"/>
      <entry key="beforeProvisioningRule"/>
      <entry key="compositeDefinition"/>
      <entry key="delimiter" value=","/>
      <entry key="file" value="C:\Users\iamadmin\Downloads\IAM\Sailpoint Implementer data\Data\AuthEmployees.csv"/>
      <entry key="filetransport" value="local"/>
      <entry key="filterEmptyRecords">
        <value>
          <Boolean>true</Boolean>
        </value>
      </entry>
      <entry key="group.filetransport" value="local"/>
      <entry key="group.filterEmptyRecords">
        <value>
          <Boolean>true</Boolean>
        </value>
      </entry>
      <entry key="group.partitionMode" value="auto"/>
      <entry key="hasHeader">
        <value>
          <Boolean>true</Boolean>
        </value>
      </entry>
      <entry key="isCaseInsensitiveMerge">
        <value>
          <Boolean/>
        </value>
      </entry>
      <entry key="isSortedByIndexColumn">
        <value>
          <Boolean/>
        </value>
      </entry>
      <entry key="managerCorrelationFilter">
        <value>
          <Filter operation="EQ" property="employeeid" value="managerId"/>
        </value>
      </entry>
      <entry key="mergeRows">
        <value>
          <Boolean/>
        </value>
      </entry>
      <entry key="nativeChangeDetectionAttributeScope" value="entitlements"/>
      <entry key="nativeChangeDetectionAttributes"/>
      <entry key="nativeChangeDetectionEnabled">
        <value>
          <Boolean/>
        </value>
      </entry>
      <entry key="nativeChangeDetectionOperations"/>
      <entry key="parseType" value="delimited"/>
      <entry key="partitionMode" value="auto"/>
      <entry key="stopIfLineHasWrongColumnLength">
        <value>
          <Boolean/>
        </value>
      </entry>
      <entry key="sysDescriptions">
        <value>
          <Map>
            <entry key="en_US"/>
          </Map>
        </value>
      </entry>
      <entry key="templateApplication" value="DelimitedFile Template"/>
    </Map>
  </Attributes>
  <Owner>
    <Reference class="sailpoint.object.Identity" name="spadmin"/>
  </Owner>
  <Schemas>
    <Schema displayAttribute="fullName" identityAttribute="employeeId" instanceAttribute="" nativeObjectType="account" objectType="account" permissionsRemediationModificationType="None">
      <AttributeDefinition name="employeeId" type="string">
        <Description/>
      </AttributeDefinition>
      <AttributeDefinition name="firstName" type="string">
        <Description/>
      </AttributeDefinition>
      <AttributeDefinition name="lastName" type="string">
        <Description/>
      </AttributeDefinition>
      <AttributeDefinition name="managerId" type="string">
        <Description/>
      </AttributeDefinition>
      <AttributeDefinition name="fullName" type="string">
        <Description/>
      </AttributeDefinition>
      <AttributeDefinition name="email" type="string">
        <Description/>
      </AttributeDefinition>
      <AttributeDefinition name="department" type="string">
        <Description/>
      </AttributeDefinition>
      <AttributeDefinition name="region" type="string">
        <Description/>
      </AttributeDefinition>
      <AttributeDefinition name="location" type="string">
        <Description/>
      </AttributeDefinition>
      <AttributeDefinition name="inactiveIdentity" type="string">
        <Description/>
      </AttributeDefinition>
      <AttributeDefinition name="jobtitle" type="string">
        <Description/>
      </AttributeDefinition>
      <AttributeDefinition multi="true" name="costcenter" type="string">
        <Description/>
      </AttributeDefinition>
    </Schema>
  </Schemas>
  <ApplicationScorecard/>
</Application>
<Application authoritative="true" connector="sailpoint.connector.DelimitedFileConnector" featuresString="DIRECT_PERMISSIONS, NO_RANDOM_ACCESS, DISCOVER_SCHEMA" icon="enterpriseIcon" name="Contractors Feed" profileClass="" type="DelimitedFile">
  <Attributes>
    <Map>
      <entry key="acctAggregationEnd">
        <value>
          <Date>1561744182467</Date>
        </value>
      </entry>
      <entry key="acctAggregationStart">
        <value>
          <Date>1561744180117</Date>
        </value>
      </entry>
      <entry key="afterProvisioningRule"/>
      <entry key="beforeProvisioningRule"/>
      <entry key="compositeDefinition"/>
      <entry key="delimiter" value=","/>
      <entry key="file" value="C:\Users\iamadmin\Downloads\IAM\Sailpoint Implementer data\Data\AuthContractors.csv"/>
      <entry key="filetransport" value="local"/>
      <entry key="filterEmptyRecords">
        <value>
          <Boolean>true</Boolean>
        </value>
      </entry>
      <entry key="group.filetransport" value="local"/>
      <entry key="group.filterEmptyRecords">
        <value>
          <Boolean>true</Boolean>
        </value>
      </entry>
      <entry key="group.partitionMode" value="auto"/>
      <entry key="hasHeader">
        <value>
          <Boolean>true</Boolean>
        </value>
      </entry>
      <entry key="isCaseInsensitiveMerge">
        <value>
          <Boolean/>
        </value>
      </entry>
      <entry key="isSortedByIndexColumn">
        <value>
          <Boolean/>
        </value>
      </entry>
      <entry key="managerCorrelationFilter">
        <value>
          <Filter operation="EQ" property="employeeid" value="managerId"/>
        </value>
      </entry>
      <entry key="mergeRows">
        <value>
          <Boolean/>
        </value>
      </entry>
      <entry key="nativeChangeDetectionAttributeScope" value="entitlements"/>
      <entry key="nativeChangeDetectionAttributes"/>
      <entry key="nativeChangeDetectionEnabled">
        <value>
          <Boolean/>
        </value>
      </entry>
      <entry key="nativeChangeDetectionOperations"/>
      <entry key="parseType" value="delimited"/>
      <entry key="partitionMode" value="auto"/>
      <entry key="stopIfLineHasWrongColumnLength">
        <value>
          <Boolean/>
        </value>
      </entry>
      <entry key="sysDescriptions">
        <value>
          <Map>
            <entry key="en_US"/>
          </Map>
        </value>
      </entry>
      <entry key="templateApplication" value="DelimitedFile Template"/>
    </Map>
  </Attributes>
  <Owner>
    <Reference class="sailpoint.object.Identity" name="spadmin"/>
  </Owner>
  <Schemas>
    <Schema displayAttribute="fullName" identityAttribute="employeeId" instanceAttribute="" nativeObjectType="account" objectType="account" permissionsRemediationModificationType="None">
      <AttributeDefinition name="employeeId" type="string">
        <Description/>
      </AttributeDefinition>
      <AttributeDefinition name="firstName" type="string">
        <Description/>
      </AttributeDefinition>
      <AttributeDefinition name="lastName" type="string">
        <Description/>
      </AttributeDefinition>
      <AttributeDefinition name="managerId" type="string">
        <Description/>
      </AttributeDefinition>
      <AttributeDefinition name="fullName" type="string">
        <Description/>
      </AttributeDefinition>
      <AttributeDefinition name="email" type="string">
        <Description/>
      </AttributeDefinition>
      <AttributeDefinition name="department" type="string">
        <Description/>
      </AttributeDefinition>
      <AttributeDefinition name="region" type="string">
        <Description/>
      </AttributeDefinition>
      <AttributeDefinition name="location" type="string">
        <Description/>
      </AttributeDefinition>
      <AttributeDefinition name="inactiveIdentity" type="string">
        <Description/>
      </AttributeDefinition>
      <AttributeDefinition multi="true" name="costcenter" type="string">
        <Description/>
      </AttributeDefinition>
    </Schema>
  </Schemas>
  <ApplicationScorecard/>
</Application>
<Application connector="sailpoint.connector.DelimitedFileConnector" featuresString="DIRECT_PERMISSIONS, NO_RANDOM_ACCESS, DISCOVER_SCHEMA" icon="enterpriseIcon" name="PAM" profileClass="" type="DelimitedFile">
  <AccountCorrelationConfig>
    <Reference class="sailpoint.object.CorrelationConfig" name="PAM Correlation"/>
  </AccountCorrelationConfig>
  <Attributes>
    <Map>
      <entry key="acctAggregationEnd">
        <value>
          <Date>1561745117691</Date>
        </value>
      </entry>
      <entry key="acctAggregationStart">
        <value>
          <Date>1561745117249</Date>
        </value>
      </entry>
      <entry key="afterProvisioningRule"/>
      <entry key="beforeProvisioningRule"/>
      <entry key="buildMapRule" value="Build Map Rule - PAM"/>
      <entry key="compositeDefinition"/>
      <entry key="delimiter" value=","/>
      <entry key="file" value="C:\Users\iamadmin\Downloads\IAM\Sailpoint Implementer data\Data\UserSummary.csv"/>
      <entry key="filetransport" value="local"/>
      <entry key="filterEmptyRecords">
        <value>
          <Boolean>true</Boolean>
        </value>
      </entry>
      <entry key="group.delimiter" value=","/>
      <entry key="group.file" value="C:\Users\iamadmin\Downloads\IAM\Sailpoint Implementer data\Data\permissions.csv"/>
      <entry key="group.filetransport" value="local"/>
      <entry key="group.filterEmptyRecords">
        <value>
          <Boolean>true</Boolean>
        </value>
      </entry>
      <entry key="group.hasHeader">
        <value>
          <Boolean>true</Boolean>
        </value>
      </entry>
      <entry key="group.isCaseInsensitiveMerge">
        <value>
          <Boolean/>
        </value>
      </entry>
      <entry key="group.isSortedByIndexColumn">
        <value>
          <Boolean/>
        </value>
      </entry>
      <entry key="group.mergeRows">
        <value>
          <Boolean/>
        </value>
      </entry>
      <entry key="group.partitionMode" value="auto"/>
      <entry key="group.stopIfLineHasWrongColumnLength">
        <value>
          <Boolean/>
        </value>
      </entry>
      <entry key="hasHeader">
        <value>
          <Boolean>true</Boolean>
        </value>
      </entry>
      <entry key="indexColumn" value="User ID"/>
      <entry key="isCaseInsensitiveMerge">
        <value>
          <Boolean/>
        </value>
      </entry>
      <entry key="isSortedByIndexColumn">
        <value>
          <Boolean>true</Boolean>
        </value>
      </entry>
      <entry key="mergeColumns">
        <value>
          <List>
            <String>Permission Group</String>
          </List>
        </value>
      </entry>
      <entry key="mergeRows">
        <value>
          <Boolean>true</Boolean>
        </value>
      </entry>
      <entry key="nativeChangeDetectionAttributeScope" value="entitlements"/>
      <entry key="nativeChangeDetectionAttributes"/>
      <entry key="nativeChangeDetectionEnabled">
        <value>
          <Boolean/>
        </value>
      </entry>
      <entry key="nativeChangeDetectionOperations"/>
      <entry key="parseType" value="delimited"/>
      <entry key="partitionMode" value="auto"/>
      <entry key="stopIfLineHasWrongColumnLength">
        <value>
          <Boolean/>
        </value>
      </entry>
      <entry key="sysDescriptions">
        <value>
          <Map>
            <entry key="en_US"/>
          </Map>
        </value>
      </entry>
      <entry key="templateApplication" value="DelimitedFile Template"/>
    </Map>
  </Attributes>
  <Owner>
    <Reference class="sailpoint.object.Identity" name="Patrick.Jenkins"/>
  </Owner>
  <Remediators>
    <Reference class="sailpoint.object.Identity" name="Albert.Woods"/>
  </Remediators>
  <Schemas>
    <Schema displayAttribute="User Name" identityAttribute="User ID" instanceAttribute="" nativeObjectType="account" objectType="account" permissionsRemediationModificationType="None">
      <AttributeDefinition entitlement="true" name="Database Name" type="string">
        <Description/>
      </AttributeDefinition>
      <AttributeDefinition name="Report Date" type="string">
        <Description/>
      </AttributeDefinition>
      <AttributeDefinition name="User ID" type="string">
        <Description/>
      </AttributeDefinition>
      <AttributeDefinition name="User Name" type="string">
        <Description/>
      </AttributeDefinition>
      <AttributeDefinition entitlement="true" multi="true" name="Permission Group" type="string">
        <Description/>
      </AttributeDefinition>
      <AttributeDefinition name="Status" type="string">
        <Description/>
      </AttributeDefinition>
      <AttributeDefinition name="Security Blotter Code" type="string">
        <Description/>
      </AttributeDefinition>
      <AttributeDefinition name="Security Blotter Name" type="string">
        <Description/>
      </AttributeDefinition>
      <AttributeDefinition name="Last Login Date" type="string">
        <Description/>
      </AttributeDefinition>
      <AttributeDefinition name="Password Expired" type="string">
        <Description/>
      </AttributeDefinition>
      <AttributeDefinition name="Login ID=User ID?" type="string">
        <Description/>
      </AttributeDefinition>
      <AttributeDefinition name="DOS Permission Group" type="string">
        <Description/>
      </AttributeDefinition>
      <AttributeDefinition name="DOS#1 Name" type="string">
        <Description/>
      </AttributeDefinition>
      <AttributeDefinition name="DOS#1 Permitted" type="string">
        <Description/>
      </AttributeDefinition>
      <AttributeDefinition name="DOS#2 Name" type="string">
        <Description/>
      </AttributeDefinition>
      <AttributeDefinition name="DOS#2 Permitted" type="string">
        <Description/>
      </AttributeDefinition>
      <AttributeDefinition name="DOS#3 Name" type="string">
        <Description/>
      </AttributeDefinition>
      <AttributeDefinition name="DOS#3 Permitted" type="string">
        <Description/>
      </AttributeDefinition>
      <AttributeDefinition name="DOS#4 Name" type="string">
        <Description/>
      </AttributeDefinition>
      <AttributeDefinition name="DOS#4 Permitted" type="string">
        <Description/>
      </AttributeDefinition>
      <AttributeDefinition name="DOS#5 Name" type="string">
        <Description/>
      </AttributeDefinition>
      <AttributeDefinition name="DOS#5 Permitted" type="string">
        <Description/>
      </AttributeDefinition>
      <AttributeDefinition name="DOS#6 Name" type="string">
        <Description/>
      </AttributeDefinition>
      <AttributeDefinition name="DOS#6 Permitted" type="string">
        <Description/>
      </AttributeDefinition>
      <AttributeDefinition name="DOS#7 Name" type="string">
        <Description/>
      </AttributeDefinition>
      <AttributeDefinition name="DOS#7 Permitted" type="string">
        <Description/>
      </AttributeDefinition>
    </Schema>
    <Schema displayAttribute="Permission Group" identityAttribute="Permission Group" includePermissions="true" instanceAttribute="" nativeObjectType="group" objectType="group" permissionsRemediationModificationType="None">
      <AttributeDefinition name="Database Name" type="string">
        <Description/>
      </AttributeDefinition>
      <AttributeDefinition name="Report Date" type="string">
        <Description/>
      </AttributeDefinition>
      <AttributeDefinition name="Permission Group" type="string">
        <Description/>
      </AttributeDefinition>
      <AttributeDefinition entitlement="true" multi="true" name="Permission Rights" type="string">
        <Description/>
      </AttributeDefinition>
    </Schema>
  </Schemas>
  <ApplicationScorecard/>
</Application>
<Application connector="sailpoint.connector.LDAPConnector" featuresString="AUTHENTICATE, MANAGER_LOOKUP, SEARCH, PROVISIONING, SYNC_PROVISIONING, ACCOUNT_ONLY_REQUEST" icon="directory2Icon" name="LDAP" profileClass="" type="LDAP">
  <Attributes>
    <Map>
      <entry key="afterProvisioningRule"/>
      <entry key="authSearchAttributes">
        <value>
          <List>
            <String>cn</String>
            <String>uid</String>
            <String>mail</String>
          </List>
        </value>
      </entry>
      <entry key="authorizationType" value="simple"/>
      <entry key="beforeProvisioningRule"/>
      <entry key="compositeDefinition"/>
      <entry key="group.filterString"/>
      <entry key="group.iterateSearchFilter"/>
      <entry key="group.searchDN"/>
      <entry key="group.searchScope" value="SUBTREE"/>
      <entry key="groupEntitlementAttr" value="groups"/>
      <entry key="host" value="localhost"/>
      <entry key="nativeChangeDetectionAttributeScope" value="entitlements"/>
      <entry key="nativeChangeDetectionAttributes"/>
      <entry key="nativeChangeDetectionEnabled">
        <value>
          <Boolean/>
        </value>
      </entry>
      <entry key="nativeChangeDetectionOperations"/>
      <entry key="pageSize" value="100"/>
      <entry key="password" value="1:ACP:vogQMUXx1CvOX4n4ndAMCMEmVMxrmRRqdXvyhGeYr80="/>
      <entry key="passwordAttr" value="userPassword"/>
      <entry key="port" value="1389"/>
      <entry key="searchDN" value="ou=People,dc=example, dc=com"/>
      <entry key="searchScope" value="SUBTREE"/>
      <entry key="sysDescriptions">
        <value>
          <Map>
            <entry key="en_US"/>
          </Map>
        </value>
      </entry>
      <entry key="templateApplication" value="LDAP Template"/>
      <entry key="useSSL">
        <value>
          <Boolean/>
        </value>
      </entry>
      <entry key="user" value="cn=Directory Manager"/>
    </Map>
  </Attributes>
  <Owner>
    <Reference class="sailpoint.object.Identity" name="spadmin"/>
  </Owner>
  <ProvisioningForms>
    <Form name="Account" objectType="account" type="Create">
      <Attributes>
        <Map>
          <entry key="pageTitle" value="Account"/>
        </Map>
      </Attributes>
      <Section>
        <Field displayName="con_prov_policy_ldap_user_DN" helpKey="help_con_prov_policy_ldap_user_DN" name="dn" required="true" type="string"/>
        <Field displayName="con_prov_policy_ldap_password" helpKey="help_con_prov_policy_ldap_password" name="password" required="true" type="secret"/>
        <Field displayName="con_prov_policy_ldap_full_name" helpKey="help_con_prov_policy_ldap_full_name" name="CN" required="true" type="string"/>
        <Field displayName="con_prov_policy_ldap_first_name" helpKey="help_con_prov_policy_ldap_first_name" name="givenName" reviewRequired="true" type="string"/>
        <Field displayName="con_prov_policy_ldap_last_name" helpKey="help_con_prov_policy_ldap_last_name" name="SN" required="true" type="string"/>
      </Section>
    </Form>
    <Form name="Create Group" objectType="group" type="Create">
      <Attributes>
        <Map>
          <entry key="pageTitle" value="Create Group"/>
        </Map>
      </Attributes>
      <Section>
        <Field displayName="con_prov_policy_ldap_group_DN" helpKey="help_con_prov_policy_ldap_group_DN" name="dn" required="true" reviewRequired="true" type="string"/>
        <Field displayName="con_prov_policy_ldap_description" helpKey="help_con_prov_policy_ldap_description" name="description" reviewRequired="true" type="string"/>
      </Section>
    </Form>
    <Form name="Update Group" objectType="group" type="Update">
      <Attributes>
        <Map>
          <entry key="pageTitle" value="Update Group"/>
        </Map>
      </Attributes>
      <Section>
        <Field displayName="con_prov_policy_ldap_owner" name="owner" type="string"/>
        <Field displayName="con_prov_policy_ldap_common_name" name="cn" type="string"/>
        <Field displayName="con_prov_policy_ldap_object_class" multi="true" name="objectClass" type="string"/>
        <Field displayName="con_prov_policy_ldap_description" name="description" type="string"/>
      </Section>
    </Form>
  </ProvisioningForms>
  <Schemas>
    <Schema displayAttribute="cn" identityAttribute="dn" instanceAttribute="" nativeObjectType="inetOrgPerson" objectType="account">
      <AttributeDefinition name="businessCategory" type="string">
        <Description>business category</Description>
      </AttributeDefinition>
      <AttributeDefinition multi="true" name="carLicense" type="string">
        <Description>vehicle license or registration plate</Description>
      </AttributeDefinition>
      <AttributeDefinition name="cn" type="string">
        <Description>common name(s) for which the entity is known by</Description>
      </AttributeDefinition>
      <AttributeDefinition name="dn" type="string">
        <Description>distinguished name for which the entity is known by</Description>
      </AttributeDefinition>
      <AttributeDefinition name="departmentNumber" type="string">
        <Description>identifies a department within an organization</Description>
      </AttributeDefinition>
      <AttributeDefinition name="description" type="string">
        <Description>descriptive information</Description>
      </AttributeDefinition>
      <AttributeDefinition name="destinationIndicator" type="string">
        <Description>destination indicator</Description>
      </AttributeDefinition>
      <AttributeDefinition name="displayName" type="string">
        <Description>preferred name to be used when displaying entries</Description>
      </AttributeDefinition>
      <AttributeDefinition name="employeeNumber" type="string">
        <Description>numerically identifies an employee within an organization</Description>
      </AttributeDefinition>
      <AttributeDefinition name="employeeType" type="string">
        <Description>type of employment for a person</Description>
      </AttributeDefinition>
      <AttributeDefinition multi="true" name="facsimileTelephoneNumber" type="string">
        <Description>Facsimile (Fax) Telephone Number</Description>
      </AttributeDefinition>
      <AttributeDefinition name="givenName" type="string">
        <Description>first name(s) for which the entity is known by</Description>
      </AttributeDefinition>
      <AttributeDefinition entitlement="true" managed="true" multi="true" name="groups" schemaObjectType="group" type="string">
        <Description>List of groups a user is a member</Description>
      </AttributeDefinition>
      <AttributeDefinition name="homePhone" type="string">
        <Description>home telephone number</Description>
      </AttributeDefinition>
      <AttributeDefinition name="homePostalAddress" type="string">
        <Description>home postal address</Description>
      </AttributeDefinition>
      <AttributeDefinition name="initials" type="string">
        <Description>initials of some or all of names, but not the surname(s).</Description>
      </AttributeDefinition>
      <AttributeDefinition name="internationaliSDNNumber" type="string">
        <Description>international ISDN number</Description>
      </AttributeDefinition>
      <AttributeDefinition name="l" type="string">
        <Description>city</Description>
      </AttributeDefinition>
      <AttributeDefinition name="mail" type="string">
        <Description>RFC822 Mailbox</Description>
      </AttributeDefinition>
      <AttributeDefinition name="manager" type="string">
        <Description>DN of manager</Description>
      </AttributeDefinition>
      <AttributeDefinition name="mobile" type="string">
        <Description>mobile telephone number</Description>
      </AttributeDefinition>
      <AttributeDefinition name="o" type="string">
        <Description>organization this object belongs to</Description>
      </AttributeDefinition>
      <AttributeDefinition name="ou" type="string">
        <Description>organizational unit this object belongs to</Description>
      </AttributeDefinition>
      <AttributeDefinition name="pager" type="string">
        <Description>pager telephone number</Description>
      </AttributeDefinition>
      <AttributeDefinition name="physicalDeliveryOfficeName" type="string">
        <Description>Physical Delivery Office Name</Description>
      </AttributeDefinition>
      <AttributeDefinition name="postOfficeBox" type="string">
        <Description>Post Office Box</Description>
      </AttributeDefinition>
      <AttributeDefinition name="postalAddress" type="string">
        <Description>postal address</Description>
      </AttributeDefinition>
      <AttributeDefinition name="postalCode" type="string">
        <Description>postal code</Description>
      </AttributeDefinition>
      <AttributeDefinition name="preferredDeliveryMethod" type="string">
        <Description>preferred delivery method</Description>
      </AttributeDefinition>
      <AttributeDefinition name="preferredLanguage" type="string">
        <Description>preferred written or spoken language for a person</Description>
      </AttributeDefinition>
      <AttributeDefinition name="registeredAddress" type="string">
        <Description>registered postal address</Description>
      </AttributeDefinition>
      <AttributeDefinition name="roomNumber" type="string">
        <Description>room number</Description>
      </AttributeDefinition>
      <AttributeDefinition name="secretary" type="string">
        <Description>DN of secretary</Description>
      </AttributeDefinition>
      <AttributeDefinition name="seeAlso" type="string">
        <Description>DN of related object</Description>
      </AttributeDefinition>
      <AttributeDefinition name="sn" type="string">
        <Description>last (family) name(s) for which the entity is known by</Description>
      </AttributeDefinition>
      <AttributeDefinition name="st" type="string">
        <Description>state or province which this object resides in</Description>
      </AttributeDefinition>
      <AttributeDefinition name="street" type="string">
        <Description>street address of this object</Description>
      </AttributeDefinition>
      <AttributeDefinition name="telephoneNumber" type="string">
        <Description>Telephone Number</Description>
      </AttributeDefinition>
      <AttributeDefinition name="teletexTerminalIdentifier" type="string">
        <Description>Teletex Terminal Identifier</Description>
      </AttributeDefinition>
      <AttributeDefinition name="telexNumber" type="string">
        <Description>Telex Number</Description>
      </AttributeDefinition>
      <AttributeDefinition name="title" type="string">
        <Description>title associated with the entity</Description>
      </AttributeDefinition>
      <AttributeDefinition name="uid" type="string">
        <Description>user identifier</Description>
      </AttributeDefinition>
      <AttributeDefinition multi="true" name="objectClass" type="string">
        <Description>object classes of the entity</Description>
      </AttributeDefinition>
    </Schema>
    <Schema displayAttribute="cn" featuresString="PROVISIONING" identityAttribute="dn" instanceAttribute="" nativeObjectType="groupOfUniqueNames" objectType="group">
      <AttributeDefinition name="cn" type="string">
        <Description>common name(s) for which the entity is known by</Description>
      </AttributeDefinition>
      <AttributeDefinition name="dn" type="string">
        <Description>Directory Path</Description>
      </AttributeDefinition>
      <AttributeDefinition name="o" type="string">
        <Description>organization this object belongs to</Description>
      </AttributeDefinition>
      <AttributeDefinition name="ou" type="string">
        <Description>organizational unit this object belongs to</Description>
      </AttributeDefinition>
      <AttributeDefinition name="owner" type="string">
        <Description>owner (of the object)</Description>
      </AttributeDefinition>
      <AttributeDefinition name="description" type="string">
        <Description>descriptive information</Description>
      </AttributeDefinition>
      <Attributes>
        <Map>
          <entry key="groupMemberAttribute" value="uniqueMember"/>
        </Map>
      </Attributes>
    </Schema>
  </Schemas>
  <ApplicationScorecard/>
</Application>
<Application connector="sailpoint.connector.JDBCConnector" featuresString="DISCOVER_SCHEMA, PROVISIONING, ENABLE, UNLOCK, ACCOUNT_ONLY_REQUEST" name="PRISM" profileClass="" type="JDBC">
  <Attributes>
    <Map>
      <entry key="SQL" value="select * from users"/>
      <entry key="acctAggregationEnd">
        <value>
          <Date>1351744997825</Date>
        </value>
      </entry>
      <entry key="acctAggregationStart">
        <value>
          <Date>1351744996247</Date>
        </value>
      </entry>
      <entry key="afterProvisioningRule"/>
      <entry key="beforeProvisioningRule"/>
      <entry key="buildMapRule" value="PRISM - BuildMap"/>
      <entry key="compositeDefinition"/>
      <entry key="driverClass" value="com.mysql.jdbc.Driver"/>
      <entry key="getObjectSQL" value="select * from users where login = '$(identity)'"/>
      <entry key="group.SQL" value="select * from groups"/>
      <entry key="group.driverClass" value="com.mysql.jdbc.Driver"/>
      <entry key="group.getObjectSQL" value="select * from groups where name = '$(identity)'"/>
      <entry key="group.indexColumns"/>
      <entry key="group.mergeColumns"/>
      <entry key="group.mergeRows">
        <value>
          <Boolean/>
        </value>
      </entry>
      <entry key="group.password" value="1:xDikd6BMwY+LL9iXETAjBg=="/>
      <entry key="group.url" value="jdbc:mysql://localhost/prism"/>
      <entry key="group.useExecuteQuery">
        <value>
          <Boolean/>
        </value>
      </entry>
      <entry key="group.user" value="root"/>
      <entry key="jdbcProvisionRule" value="PRISM - Provision"/>
      <entry key="mergeRows">
        <value>
          <Boolean/>
        </value>
      </entry>
      <entry key="nativeChangeDetectionAttributeScope" value="entitlements"/>
      <entry key="nativeChangeDetectionAttributes"/>
      <entry key="nativeChangeDetectionEnabled">
        <value>
          <Boolean/>
        </value>
      </entry>
      <entry key="nativeChangeDetectionOperations"/>
      <entry key="password" value="1:ACP:2brbPElruaB2iG5muaVIhuUTzB6kPgnPQRTTiEW7kS0="/>
      <entry key="sysDescriptions">
        <value>
          <Map>
            <entry key="en_US" value="This application represents the PRISM (Purchasing, Resourcing, Information Systems Management) Application.&#xa;"/>
          </Map>
        </value>
      </entry>
      <entry key="templateApplication" value="JDBC Template"/>
      <entry key="url" value="jdbc:mysql://localhost/prism"/>
      <entry key="useExecuteQuery">
        <value>
          <Boolean/>
        </value>
      </entry>
      <entry key="user" value="root"/>
    </Map>
  </Attributes>
  <CorrelationRule>
    <Reference class="sailpoint.object.Rule" name="PRISM - Correlation"/>
  </CorrelationRule>
  <Owner>
    <Reference class="sailpoint.object.Identity" name="Walter.Henderson"/>
  </Owner>
  <ProvisioningForms>
    <Form name="PRISM" objectType="account" type="Create">
      <Field displayName="First Name" name="first" required="true" type="string">
        <Script>
          <Source>return identity.firstname;</Source>
        </Script>
      </Field>
      <Field displayName="Last Name" name="last" required="true" type="string">
        <Script>
          <Source>return identity.lastname;</Source>
        </Script>
      </Field>
      <Field displayName="Login ID" name="login" required="true" type="string">
        <Script>
          <Source>return identity.name;</Source>
        </Script>
      </Field>
      <Field displayName="Status" name="status" type="string" value="A"/>
      <Field displayName="Account Locked" name="locked" required="true" type="string" value="N"/>
    </Form>
    <Form name="PRISM" objectType="account" type="Update">
      <Field displayName="Login" name="login" required="true" type="string">
        <Script>
          <Source>return identity.name;</Source>
        </Script>
      </Field>
      <Field displayName="First Name" name="first" required="true" type="string">
        <Script>
          <Source>return identity.firstname;</Source>
        </Script>
      </Field>
      <Field displayName="Last Name" name="last" required="true" type="string">
        <Script>
          <Source>return identity.lastname;</Source>
        </Script>
      </Field>
      <Field displayName="Status" name="status" type="string" value="A"/>
      <Field displayName="Account Locked" name="locked" required="true" type="string" value="N"/>
    </Form>
  </ProvisioningForms>
  <Schemas>
    <Schema displayAttribute="login" identityAttribute="login" instanceAttribute="" nativeObjectType="account" objectType="account">
      <AttributeDefinition name="login" remediationModificationType="None" type="string"/>
      <AttributeDefinition name="description" remediationModificationType="None" type="string"/>
      <AttributeDefinition name="first" remediationModificationType="None" type="string"/>
      <AttributeDefinition name="last" remediationModificationType="None" type="string"/>
      <AttributeDefinition entitlement="true" managed="true" multi="true" name="groups" remediationModificationType="None" schemaObjectType="group" type="string"/>
      <AttributeDefinition name="status" remediationModificationType="None" type="string"/>
      <AttributeDefinition name="locked" remediationModificationType="None" type="string"/>
      <AttributeDefinition name="lastLogin" remediationModificationType="None" type="string"/>
    </Schema>
    <Schema displayAttribute="name" identityAttribute="name" instanceAttribute="" nativeObjectType="group" objectType="group">
      <AttributeDefinition name="name" remediationModificationType="None" type="string"/>
      <AttributeDefinition name="description" remediationModificationType="None" type="string"/>
    </Schema>
  </Schemas>
  <ApplicationScorecard/>
</Application>
</sailpoint>
