employeeId,firstName,lastName,managerId,fullName,email,department,region,location,inactiveIdentity,costcenter
1a2a3a4c,Thomas,Martinez,1a2a3a,Thomas.Martinez,Thomas.Martinez@demoexample.com,Information Technology,Americas,Austin,FALSE,"R03e, L07e"
1a2a3a4d,Dorothy,Robinson,1a2a3a,Dorothy.Robinson,Dorothy.Robinson@demoexample.com,Information Technology,Americas,Austin,FALSE,"R03e, L07e"
1a2a3b4c,Nancy,Lee,1a2a3b,Nancy.Lee,Nancy.Lee@demoexample.com,Information Technology,Americas,Austin,FALSE,"R03e, L07e"
1a2a3b4d,Paul,Walker,1a2a3b,Paul.Walker,Paul.Walker@demoexample.com,Information Technology,Americas,Austin,FALSE,"R03e, L07e"
1a2a3c4c,Donald,Hernandez,1a2a3c,Donald.Hernandez,Donald.Hernandez@demoexample.com,Engineering,Americas,Austin,FALSE,"R03e, L07e"
1a2a3c4d,Helen,King,1a2a3c,Helen.King,Helen.King@demoexample.com,Engineering,Americas,Austin,FALSE,"R03e, L07e"
1a2a3d4c,Donna,Scott,1a2a3d,Donna.Scott,Donna.Scott@demoexample.com,Engineering,Americas,Austin,FALSE,"R03e, L07e"
1a2a3d4d,Steven,Green,1a2a3d,Steven.Green,Steven.Green@demoexample.com,Engineering,Americas,Austin,FALSE,"R03e, L07e"
1a2b3a4c,Brian,Nelson,1a2b3a,Brian.Nelson,Brian.Nelson@demoexample.com,Human Resources,Americas,Brazil,FALSE,"R03e, L09e"
1a2b3a4d,Sharon,Carter,1a2b3a,Sharon.Carter,Sharon.Carter@demoexample.com,Human Resources,Americas,Brazil,FALSE,"R03e, L09e"
1a2b3b4c,Laura,Turner,1a2b3b,Laura.Turner,Laura.Turner@demoexample.com,Human Resources,Americas,Brazil,FALSE,"R03e, L09e"
1a2b3b4d,Kevin,Phillips,1a2b3b,Kevin.Phillips,Kevin.Phillips@demoexample.com,Human Resources,Americas,Brazil,FALSE,"R03e, L09e"
1a2b3c4c,Matthew,Edwards,1a2b3c,Matthew.Edwards,Matthew.Edwards@demoexample.com,Inventory,Americas,Brazil,FALSE,"R03e, L09e"
1a2b3c4d,Deborah,Collins,1a2b3c,Deborah.Collins,Deborah.Collins@demoexample.com,Inventory,Americas,Brazil,FALSE,"R03e, L09e"
1a2b3d4c,Shirley,Rogers,1a2b3d,Shirley.Rogers,Shirley.Rogers@demoexample.com,Inventory,Americas,Brazil,FALSE,"R03e, L09e"
1a2b3d4d,Jose,Reed,1a2b3d,Jose.Reed,Jose.Reed@demoexample.com,Inventory,Americas,Brazil,FALSE,"R03e, L09e"
1a2c3a4c,Jeffrey,Murphy,1a2c3a,Jeffrey.Murphy,Jeffrey.Murphy@demoexample.com,Accounting,Americas,San Jose,FALSE,"R03e, L08e"
1a2c3a4d,Melissa,Bailey,1a2c3a,Melissa.Bailey,Melissa.Bailey@demoexample.com,Accounting,Americas,San Jose,FALSE,"R03e, L08e"
1a2c3b4c,Amy,Cox,1a2c3b,Amy.Cox,Amy.Cox@demoexample.com,Accounting,Americas,San Jose,FALSE,"R03e, L08e"
1a2c3b4d,Eric,Howard,1a2c3b,Eric.Howard,Eric.Howard@demoexample.com,Accounting,Americas,San Jose,FALSE,"R03e, L08e"
1a2c3c4c,Andrew,Gray,1a2c3c,Andrew.Gray,Andrew.Gray@demoexample.com,Finance,Americas,San Jose,FALSE,"R03e, L08e"
1a2c3c4d,Virginia,Ramirez,1a2c3c,Virginia.Ramirez,Virginia.Ramirez@demoexample.com,Finance,Americas,San Jose,FALSE,"R03e, L08e"
1a2c3d4c,Pamela,Kelly,1a2c3d,Pamela.Kelly,Pamela.Kelly@demoexample.com,Finance,Americas,San Jose,FALSE,"R03e, L08e"
1a2c3d4d,Joshua,Sanders,1a2c3d,Joshua.Sanders,Joshua.Sanders@demoexample.com,Finance,Americas,San Jose,FALSE,"R03e, L08e"
1b2a3a4c,Arthur,Bryant,1b2a3a,Arthur.Bryant,Arthur.Bryant@demoexample.com,Information Technology,Europe,Brussels,FALSE,"R01e, L01e"
1b2a3a4d,Ann,Alexander,1b2a3a,Ann.Alexander,Ann.Alexander@demoexample.com,Information Technology,Europe,Brussels,FALSE,"R01e, L01e"
1b2a3b4c,Diane,Hayes,1b2a3b,Diane.Hayes,Diane.Hayes@demoexample.com,Information Technology,Europe,Brussels,FALSE,"R01e, L01e"
1b2a3b4d,Joe,Myers,1b2a3b,Joe.Myers,Joe.Myers@demoexample.com,Information Technology,Europe,Brussels,FALSE,"R01e, L01e"
1b2a3c4c,Jack,Sullivan,1b2a3c,Jack.Sullivan,Jack.Sullivan@demoexample.com,Engineering,Europe,Brussels,FALSE,"R01e, L01e"
1b2a3c4d,Heather,Wallace,1b2a3c,Heather.Wallace,Heather.Wallace@demoexample.com,Engineering,Europe,Brussels,FALSE,"R01e, L01e"
1b2a3d4c,Doris,Jordan,1b2a3d,Doris.Jordan,Doris.Jordan@demoexample.com,Engineering,Europe,Brussels,FALSE,"R01e, L01e"
1b2a3d4d,Justin,Owens,1b2a3d,Justin.Owens,Justin.Owens@demoexample.com,Engineering,Europe,Brussels,FALSE,"R01e, L01e"
1b2b3a4c,Gerald,Harrison,1b2b3a,Gerald.Harrison,Gerald.Harrison@demoexample.com,Human Resources,Europe,Munich,FALSE,"R01e, L02e"
1b2b3a4d,Jean,Gibson,1b2b3a,Jean.Gibson,Jean.Gibson@demoexample.com,Human Resources,Europe,Munich,FALSE,"R01e, L02e"
1b2b3b4c,Mildred,Ortiz,1b2b3b,Mildred.Ortiz,Mildred.Ortiz@demoexample.com,Human Resources,Europe,Munich,FALSE,"R01e, L02e"
1b2b3b4d,Willie,Gomez,1b2b3b,Willie.Gomez,Willie.Gomez@demoexample.com,Human Resources,Europe,Munich,FALSE,"R01e, L02e"
1b2b3c4c,Lawrence,Webb,1b2b3c,Lawrence.Webb,Lawrence.Webb@demoexample.com,Inventory,Europe,Munich,FALSE,"R01e, L02e"
1b2b3c4d,Ashley,Simpson,1b2b3c,Ashley.Simpson,Ashley.Simpson@demoexample.com,Inventory,Europe,Munich,FALSE,"R01e, L02e"
1b2b3d4c,Rose,Hunter,1b2b3d,Rose.Hunter,Rose.Hunter@demoexample.com,Inventory,Europe,Munich,FALSE,"R01e, L02e"
1b2b3d4d,Benjamin,Hicks,1b2b3d,Benjamin.Hicks,Benjamin.Hicks@demoexample.com,Inventory,Europe,Munich,FALSE,"R01e, L02e"
1b2c3a4c,Brandon,Mason,1b2c3a,Brandon.Mason,Brandon.Mason@demoexample.com,Accounting,Europe,London,FALSE,"R01e, L03e"
1b2c3a4d,Nicole,Morales,1b2c3a,Nicole.Morales,Nicole.Morales@demoexample.com,Accounting,Europe,London,FALSE,"R01e, L03e"
1b2c3b4c,Christina,Ramos,1b2c3b,Christina.Ramos,Christina.Ramos@demoexample.com,Accounting,Europe,London,FALSE,"R01e, L03e"
1b2c3b4d,Fred,Reyes,1b2c3b,Fred.Reyes,Fred.Reyes@demoexample.com,Accounting,Europe,London,FALSE,"R01e, L03e"
1b2c3c4c,Billy,Holmes,1b2c3c,Billy.Holmes,Billy.Holmes@demoexample.com,Finance,Europe,London,FALSE,"R01e, L03e"
1b2c3c4d,Beverly,Rice,1b2c3c,Beverly.Rice,Beverly.Rice@demoexample.com,Finance,Europe,London,FALSE,"R01e, L03e"
1b2c3d4c,Tammy,Daniels,1b2c3d,Tammy.Daniels,Tammy.Daniels@demoexample.com,Finance,Europe,London,FALSE,"R01e, L03e"
1b2c3d4d,Jeremy,Palmer,1b2c3d,Jeremy.Palmer,Jeremy.Palmer@demoexample.com,Finance,Europe,London,FALSE,"R01e, L03e"
1c2a3a4c,Ernest,Wagner,1c2a3a,Ernest.Wagner,Ernest.Wagner@demoexample.com,Information Technology,Asia-Pacific,Singapore,FALSE,"R02e, L04e"
1c2a3a4d,Jacqueline,Willis,1c2a3a,Jacqueline.Willis,Jacqueline.Willis@demoexample.com,Information Technology,Asia-Pacific,Singapore,FALSE,"R02e, L04e"
1c2a3b4c,Bonnie,Carroll,1c2a3b,Bonnie.Carroll,Bonnie.Carroll@demoexample.com,Information Technology,Asia-Pacific,Singapore,FALSE,"R02e, L04e"
1c2a3b4d,Jesse,Duncan,1c2a3b,Jesse.Duncan,Jesse.Duncan@demoexample.com,Information Technology,Asia-Pacific,Singapore,FALSE,"R02e, L04e"
1c2a3c4c,Alan,Bradley,1c2a3c,Alan.Bradley,Alan.Bradley@demoexample.com,Engineering,Asia-Pacific,Singapore,FALSE,"R02e, L04e"
1c2a3c4d,Lois,Lane,1c2a3c,Lois.Lane,Lois.Lane@demoexample.com,Engineering,Asia-Pacific,Singapore,FALSE,"R02e, L04e"
1c2a3d4c,Phyllis,Fox,1c2a3d,Phyllis.Fox,Phyllis.Fox@demoexample.com,Engineering,Asia-Pacific,Singapore,FALSE,"R02e, L04e"
1c2a3d4d,Sean,Riley,1c2a3d,Sean.Riley,Sean.Riley@demoexample.com,Engineering,Asia-Pacific,Singapore,FALSE,"R02e, L04e"
1c2b3a4c,Chris,Greene,1c2b3a,Chris.Greene,Chris.Greene@demoexample.com,Human Resources,Asia-Pacific,Tokyo,FALSE,"R02e, L05e"
1c2b3a4d,Diana,Lawrence,1c2b3a,Diana.Lawrence,Diana.Lawrence@demoexample.com,Human Resources,Asia-Pacific,Tokyo,FALSE,"R02e, L05e"
1c2b3b4c,Lillian,Austin,1c2b3b,Lillian.Austin,Lillian.Austin@demoexample.com,Human Resources,Asia-Pacific,Tokyo,FALSE,"R02e, L05e"
1c2b3b4d,Jimmy,Peters,1c2b3b,Jimmy.Peters,Jimmy.Peters@demoexample.com,Human Resources,Asia-Pacific,Tokyo,FALSE,"R02e, L05e"
1c2b3c4c,Danny,Fields,1c2b3c,Danny.Fields,Danny.Fields@demoexample.com,Inventory,Asia-Pacific,Tokyo,FALSE,"R02e, L05e"
1c2b3c4d,Peggy,Gutierrez,1c2b3c,Peggy.Gutierrez,Peggy.Gutierrez@demoexample.com,Inventory,Asia-Pacific,Tokyo,FALSE,"R02e, L05e"
1c2b3d4c,Gladys,Vasquez,1c2b3d,Gladys.Vasquez,Gladys.Vasquez@demoexample.com,Inventory,Asia-Pacific,Tokyo,FALSE,"R02e, L05e"
1c2b3d4d,Luis,Castillo,1c2b3d,Luis.Castillo,Luis.Castillo@demoexample.com,Inventory,Asia-Pacific,Tokyo,FALSE,"R02e, L05e"
1c2c3a4c,Stanley,Montgomery,1c2c3a,Stanley.Montgomery,Stanley.Montgomery@demoexample.com,Accounting,Asia-Pacific,Taipei,FALSE,"R02e, L06e"
1c2c3a4d,Connie,Richards,1c2c3a,Connie.Richards,Connie.Richards@demoexample.com,Accounting,Asia-Pacific,Taipei,FALSE,"R02e, L06e"
1c2c3b4c,Tracy,Meyer,1c2c3b,Tracy.Meyer,Tracy.Meyer@demoexample.com,Accounting,Asia-Pacific,Taipei,FALSE,"R02e, L06e"
1c2c3b4d,Dale,Bishop,1c2c3b,Dale.Bishop,Dale.Bishop@demoexample.com,Accounting,Asia-Pacific,Taipei,FALSE,"R02e, L06e"
1c2c3c4c,Rodney,Morrison,1c2c3c,Rodney.Morrison,Rodney.Morrison@demoexample.com,Finance,Asia-Pacific,Taipei,FALSE,"R02e, L06e"
1c2c3c4d,Carmen,Hansen,1c2c3c,Carmen.Hansen,Carmen.Hansen@demoexample.com,Finance,Asia-Pacific,Taipei,FALSE,"R02e, L06e"
1c2c3d4c,Cindy,Little,1c2c3d,Cindy.Little,Cindy.Little@demoexample.com,Finance,Asia-Pacific,Taipei,FALSE,"R02e, L06e"
1c2c3d4d,Allen,Burton,1c2c3d,Allen.Burton,Allen.Burton@demoexample.com,Finance,Asia-Pacific,Taipei,FALSE,"R02e, L06e"
