employeeId,dbId,app2_privileged,acct_lastLogin,app2_service,app2_inactive,groupmbr,userName
1a2c3a,112,false,04/17/2008 21:26:43,false,false,EDMQualityApprover,RichardJackson
1a2c3b,113,false,04/17/2008 21:26:43,false,false,AcctsReceivable,MariaWhite
1a2c3c,114,true,04/17/2008 21:26:43,false,false,DPA,CharlesHarris
1a2c3d,115,true,04/17/2008 21:26:43,false,true,DPA,SusanMartin
1a2c3a4a,156,false,04/17/2008 21:26:43,false,false,AcctsPayable,LarryMorgan
1a2c3a4e,160,false,04/17/2008 21:26:43,false,false,AcctsPayable,FrankRivera
1a2c3b4a,161,true,04/17/2008 21:26:43,false,true,AcctsReceivable,BrendaCooper
1a2c3b4b,162,false,04/17/2008 21:26:43,false,false,AcctsReceivable,ScottRichardson
1a2c3b4e,165,false,04/17/2008 21:26:43,false,false,AcctsReceivable,AnnaWard
1a2c3c4a,166,false,02/27/2008 21:42:51,false,false,FinancialAnalyis,StephenTorres
1a2c3c4b,167,false,04/17/2008 21:26:43,false,false,FinancialPlanning,RebeccaPeterson
1a2c3c4e,170,false,04/17/2008 21:26:43,false,false,FinancialAnalyis,RaymondJames
1a2c3a4b,171,false,04/17/2008 21:26:43,false,false,EDMQualityApprover,AngelaBell
