<?xml version='1.0' encoding='UTF-8'?>
<!DOCTYPE ObjectConfig PUBLIC "sailpoint.dtd" "sailpoint.dtd">
<ObjectConfig name="Identity">
  <Attributes>
    <Map>
      <entry key="defaultIdentityType">
        <value>
          <IdentityTypeDefinition name="IIQ_default">
            <DisallowedAttributes>
              <String>softwareVersion</String>
              <String>administrator</String>
            </DisallowedAttributes>
          </IdentityTypeDefinition>
        </value>
      </entry>
      <entry key="identityTypeDefinitions">
        <value>
          <List>
            <IdentityTypeDefinition displayName="identity_type_employee" name="employee">
              <DisallowedAttributes>
                <String>softwareVersion</String>
                <String>administrator</String>
              </DisallowedAttributes>
            </IdentityTypeDefinition>
            <IdentityTypeDefinition displayName="identity_type_contractor" name="contractor">
              <DisallowedAttributes>
                <String>softwareVersion</String>
                <String>administrator</String>
              </DisallowedAttributes>
            </IdentityTypeDefinition>
            <IdentityTypeDefinition displayName="identity_type_partner" name="partner">
              <DisallowedAttributes>
                <String>softwareVersion</String>
                <String>administrator</String>
              </DisallowedAttributes>
            </IdentityTypeDefinition>
            <IdentityTypeDefinition displayName="identity_type_rpa" name="rpa">
              <DisallowedAttributes>
                <String>manager</String>
              </DisallowedAttributes>
              <ManagerCertifierAttribute>administrator</ManagerCertifierAttribute>
            </IdentityTypeDefinition>
            <IdentityTypeDefinition displayName="identity_type_service" name="service">
              <DisallowedAttributes>
                <String>softwareVersion</String>
              </DisallowedAttributes>
              <ManagerCertifierAttribute>administrator</ManagerCertifierAttribute>
            </IdentityTypeDefinition>
          </List>
        </value>
      </entry>
    </Map>
  </Attributes>
  <ObjectAttribute displayName="att_user_name" name="name" silent="true" system="true" type="string"/>
  <ObjectAttribute displayName="att_detected_roles" groupFactory="true" name="bundles" system="true" type="string"/>
  <ObjectAttribute displayName="att_detected_role_summary" name="bundleSummary" silent="true" system="true" type="string"/>
  <ObjectAttribute displayName="att_assigned_roles" groupFactory="true" name="assignedRoles" system="true" type="string"/>
  <ObjectAttribute displayName="att_assigned_role_summary" name="assignedRoleSummary" silent="true" system="true" type="string"/>
  <ObjectAttribute displayName="att_exceptions" name="exceptions" silent="true" system="true" type="string"/>
  <ObjectAttribute displayName="att_last_refresh" name="lastRefresh" silent="true" system="true" type="string"/>
  <ObjectAttribute displayName="att_last_login" name="lastLogin" silent="true" system="true" type="string"/>
  <ObjectAttribute displayName="att_capabilities" name="capabilities" system="true" type="string"/>
  <ObjectAttribute displayName="att_composite_score" name="scorecard.compositeScore" silent="true" system="true" type="string"/>
  <ObjectAttribute displayName="att_manager_status" name="managerStatus" system="true" type="boolean"/>
  <ObjectAttribute displayName="att_rights" name="rights" system="true" type="string"/>
  <ObjectAttribute displayName="att_workgroups" name="workgroups" system="true" type="string"/>
  <ObjectAttribute displayName="att_identity_type" name="type" standard="true" type="string"/>
  <ObjectAttribute displayName="att_software_version" name="softwareVersion" standard="true" type="string"/>
  <ObjectAttribute displayName="att_administrator" name="administrator" standard="true" type="sailpoint.object.Identity"/>
  <ObjectAttribute displayName="att_display_name" editMode="ReadOnly" name="displayName" standard="true" type="string">
    <AttributeSource name="fullName">
      <ApplicationRef>
        <Reference class="sailpoint.object.Application" name="HR Feed - Employees"/>
      </ApplicationRef>
    </AttributeSource>
    <AttributeSource name="fullName">
      <ApplicationRef>
        <Reference class="sailpoint.object.Application" name="Contractors Feed"/>
      </ApplicationRef>
    </AttributeSource>
  </ObjectAttribute>
  <ObjectAttribute displayName="att_email" editMode="ReadOnly" name="email" standard="true" type="string">
    <AttributeSource name="email">
      <ApplicationRef>
        <Reference class="sailpoint.object.Application" name="HR Feed - Employees"/>
      </ApplicationRef>
    </AttributeSource>
    <AttributeSource name="email">
      <ApplicationRef>
        <Reference class="sailpoint.object.Application" name="Contractors Feed"/>
      </ApplicationRef>
    </AttributeSource>
  </ObjectAttribute>
  <ObjectAttribute displayName="Employee ID" editMode="ReadOnly" extendedNumber="1" name="employeeid" type="string">
    <AttributeSource name="employeeId">
      <ApplicationRef>
        <Reference class="sailpoint.object.Application" name="HR Feed - Employees"/>
      </ApplicationRef>
    </AttributeSource>
    <AttributeSource name="employeeId">
      <ApplicationRef>
        <Reference class="sailpoint.object.Application" name="Contractors Feed"/>
      </ApplicationRef>
    </AttributeSource>
  </ObjectAttribute>
  <ObjectAttribute displayName="att_first_name" editMode="ReadOnly" name="firstname" standard="true" type="string">
    <AttributeSource name="firstName">
      <ApplicationRef>
        <Reference class="sailpoint.object.Application" name="HR Feed - Employees"/>
      </ApplicationRef>
    </AttributeSource>
    <AttributeSource name="firstName">
      <ApplicationRef>
        <Reference class="sailpoint.object.Application" name="Contractors Feed"/>
      </ApplicationRef>
    </AttributeSource>
  </ObjectAttribute>
  <ObjectAttribute displayName="att_inactive" editMode="ReadOnly" name="inactive" standard="true" type="boolean">
    <AttributeSource name="inactiveIdentity">
      <ApplicationRef>
        <Reference class="sailpoint.object.Application" name="HR Feed - Employees"/>
      </ApplicationRef>
    </AttributeSource>
    <AttributeSource name="inactiveIdentity">
      <ApplicationRef>
        <Reference class="sailpoint.object.Application" name="Contractors Feed"/>
      </ApplicationRef>
    </AttributeSource>
  </ObjectAttribute>
  <ObjectAttribute displayName="att_last_name" editMode="ReadOnly" name="lastname" standard="true" type="string">
    <AttributeSource name="lastName">
      <ApplicationRef>
        <Reference class="sailpoint.object.Application" name="HR Feed - Employees"/>
      </ApplicationRef>
    </AttributeSource>
    <AttributeSource name="lastName">
      <ApplicationRef>
        <Reference class="sailpoint.object.Application" name="Contractors Feed"/>
      </ApplicationRef>
    </AttributeSource>
  </ObjectAttribute>
  <ObjectAttribute displayName="att_manager" editMode="ReadOnly" groupFactory="true" name="manager" standard="true" type="sailpoint.object.Identity">
    <AttributeSource name="managerId">
      <ApplicationRef>
        <Reference class="sailpoint.object.Application" name="HR Feed - Employees"/>
      </ApplicationRef>
    </AttributeSource>
    <AttributeSource name="managerId">
      <ApplicationRef>
        <Reference class="sailpoint.object.Application" name="Contractors Feed"/>
      </ApplicationRef>
    </AttributeSource>
  </ObjectAttribute>
  <ObjectAttribute displayName="Status" editMode="ReadOnly" extendedNumber="2" groupFactory="true" name="status" type="string">
    <AttributeSource name="AppRule: Identity Status : Employee HR Feed - Employees">
      <ApplicationRef>
        <Reference class="sailpoint.object.Application" name="HR Feed - Employees"/>
      </ApplicationRef>
      <RuleRef>
        <Reference class="sailpoint.object.Rule" name="Identity Status : Employee"/>
      </RuleRef>
    </AttributeSource>
    <AttributeSource name="AppRule: Identity Status : Contractor Contractors Feed">
      <ApplicationRef>
        <Reference class="sailpoint.object.Application" name="Contractors Feed"/>
      </ApplicationRef>
      <RuleRef>
        <Reference class="sailpoint.object.Rule" name="Identity Status : Contractor"/>
      </RuleRef>
    </AttributeSource>
  </ObjectAttribute>
  <ObjectAttribute displayName="Job Title" editMode="ReadOnly" extendedNumber="4" groupFactory="true" name="jobtitle" type="string">
    <AttributeSource name="jobtitle">
      <ApplicationRef>
        <Reference class="sailpoint.object.Application" name="HR Feed - Employees"/>
      </ApplicationRef>
    </AttributeSource>
  </ObjectAttribute>
  <ObjectAttribute displayName="Location" editMode="ReadOnly" extendedNumber="5" groupFactory="true" name="location" type="string">
    <AttributeSource name="location">
      <ApplicationRef>
        <Reference class="sailpoint.object.Application" name="HR Feed - Employees"/>
      </ApplicationRef>
    </AttributeSource>
    <AttributeSource name="location">
      <ApplicationRef>
        <Reference class="sailpoint.object.Application" name="Contractors Feed"/>
      </ApplicationRef>
    </AttributeSource>
  </ObjectAttribute>
  <ObjectAttribute displayName="region" editMode="ReadOnly" extendedNumber="3" groupFactory="true" name="Region" type="string">
    <AttributeSource name="region">
      <ApplicationRef>
        <Reference class="sailpoint.object.Application" name="HR Feed - Employees"/>
      </ApplicationRef>
    </AttributeSource>
    <AttributeSource name="region">
      <ApplicationRef>
        <Reference class="sailpoint.object.Application" name="Contractors Feed"/>
      </ApplicationRef>
    </AttributeSource>
  </ObjectAttribute>
</ObjectConfig>