name,account id,function,directory,disabled,email
Ashley.Simpson,"CN=Ashley Simpson,OU=Users,OU=Demo,DC=sailpointdemo,DC=com",Buyer,/home/1,FALSE,Ashley.Simpson@sailpointdemo.com
Benjamin.Hicks,"CN=Benjamin Hicks,OU=Users,OU=Demo,DC=sailpointdemo,DC=com",Buyer,/home/2,FALSE,Benjamin.Hicks@sailpointdemo.com
David.Anderson,"CN=David Anderson,OU=Users,OU=Demo,DC=sailpointdemo,DC=com",Buyer,/home/3,FALSE,David.Anderson@sailpointdemo.com
Harold.Patterson,"CN=Harold Patterson,OU=Users,OU=Demo,DC=sailpointdemo,DC=com",Buyer,/home/4,FALSE,Harold.Patterson@sailpointdemo.com
Janice.Crawford,"CN=Janice Crawford,OU=Users,OU=Demo,DC=sailpointdemo,DC=com",Buyer,/home/5,FALSE,Janice.Crawford@sailpointdemo.com
Joan.Wells,"CN=Joan Wells,OU=Users,OU=Demo,DC=sailpointdemo,DC=com",Buyer,/home/6,FALSE,Joan.Wells@sailpointdemo.com
Judith.Tucker,"CN=Judith Tucker,OU=Users,OU=Demo,DC=sailpointdemo,DC=com",Buyer,/home/7,FALSE,Judith.Tucker@sailpointdemo.com
Lawrence.Webb,"CN=Lawrence Webb,OU=Users,OU=Demo,DC=sailpointdemo,DC=com",Buyer,/home/8,FALSE,Lawrence.Webb@sailpointdemo.com
Marie.Hughes,"CN=Marie Hughes,OU=Users,OU=Demo,DC=sailpointdemo,DC=com",Buyer,/home/9,FALSE,Marie.Hughes@sailpointdemo.com
Nicholas.Stevens,"CN=Nicholas Stevens,OU=Users,OU=Demo,DC=sailpointdemo,DC=com",Buyer,/home/10,FALSE,Nicholas.Stevens@sailpointdemo.com
Ralph.Freeman,"CN=Ralph Freeman,OU=Users,OU=Demo,DC=sailpointdemo,DC=com",Buyer,/home/11,FALSE,Ralph.Freeman@sailpointdemo.com
Rose.Hunter,"CN=Rose Hunter,OU=Users,OU=Demo,DC=sailpointdemo,DC=com",Buyer,/home/12,FALSE,Rose.Hunter@sailpointdemo.com
Roy.Porter,"CN=Roy Porter,OU=Users,OU=Demo,DC=sailpointdemo,DC=com",Buyer,/home/13,FALSE,Roy.Porter@sailpointdemo.com
Adam.Kennedy,"CN=Adam Kennedy,OU=Users,OU=Demo,DC=sailpointdemo,DC=com",InvntryAnalysis,/home/14,FALSE,Adam.Kennedy@sailpointdemo.com
Albert.Woods,"CN=Albert Woods,OU=Users,OU=Demo,DC=sailpointdemo,DC=com",InvntryAnalysis,/home/15,FALSE,Albert.Woods@sailpointdemo.com
Allen.Burton,"CN=Allen Burton,OU=Users,OU=Demo,DC=sailpointdemo,DC=com",InvntryAnalysis,/home/16,FALSE,Allen.Burton@sailpointdemo.com
Antonio.Franklin,"CN=Antonio Franklin,OU=Users,OU=Demo,DC=sailpointdemo,DC=com",InvntryAnalysis,/home/17,FALSE,Antonio.Franklin@sailpointdemo.com
Bryan.Ryan,"CN=Bryan Ryan,OU=Users,OU=Demo,DC=sailpointdemo,DC=com",InvntryAnalysis,/home/18,FALSE,Bryan.Ryan@sailpointdemo.com
Danny.Fields,"CN=Danny Fields,OU=Users,OU=Demo,DC=sailpointdemo,DC=com",InvntryAnalysis,/home/19,FALSE,Danny.Fields@sailpointdemo.com
Debra.Wood,"CN=Debra Wood,OU=Users,OU=Demo,DC=sailpointdemo,DC=com",InvntryAnalysis,/home/20,FALSE,Debra.Wood@sailpointdemo.com
Jesse.Duncan,"CN=Jesse Duncan,OU=Users,OU=Demo,DC=sailpointdemo,DC=com",InvntryAnalysis,/home/21,FALSE,Jesse.Duncan@sailpointdemo.com
Jimmy.Peters,"CN=Jimmy Peters,OU=Users,OU=Demo,DC=sailpointdemo,DC=com",InvntryAnalysis,/home/22,FALSE,Jimmy.Peters@sailpointdemo.com
Joyce.Griffin,"CN=Joyce Griffin,OU=Users,OU=Demo,DC=sailpointdemo,DC=com",InvntryAnalysis,/home/23,FALSE,Joyce.Griffin@sailpointdemo.com
Kathryn.Gardner,"CN=Kathryn Gardner,OU=Users,OU=Demo,DC=sailpointdemo,DC=com",InvntryAnalysis,/home/24,FALSE,Kathryn.Gardner@sailpointdemo.com
Kimberly.Evans,"CN=Kimberly Evans,OU=Users,OU=Demo,DC=sailpointdemo,DC=com",InvntryAnalysis,/home/25,FALSE,Kimberly.Evans@sailpointdemo.com
Marie.Hughes,"CN=Marie Hughes,OU=Users,OU=Demo,DC=sailpointdemo,DC=com",InvntryAnalysis,/home/26,FALSE,Marie.Hughes@sailpointdemo.com
Nicholas.Stevens,"CN=Nicholas Stevens,OU=Users,OU=Demo,DC=sailpointdemo,DC=com",InvntryAnalysis,/home/27,FALSE,Nicholas.Stevens@sailpointdemo.com
Peggy.Gutierrez,"CN=Peggy Gutierrez,OU=Users,OU=Demo,DC=sailpointdemo,DC=com",InvntryAnalysis,/home/28,FALSE,Peggy.Gutierrez@sailpointdemo.com
Robin.Lawson,"CN=Robin Lawson,OU=Users,OU=Demo,DC=sailpointdemo,DC=com",InvntryAnalysis,/home/29,FALSE,Robin.Lawson@sailpointdemo.com
Russell.Spencer,"CN=Russell Spencer,OU=Users,OU=Demo,DC=sailpointdemo,DC=com",InvntryAnalysis,/home/30,FALSE,Russell.Spencer@sailpointdemo.com
Ruth.Gonzalez,"CN=Ruth Gonzalez,OU=Users,OU=Demo,DC=sailpointdemo,DC=com",InvntryAnalysis,/home/31,FALSE,Ruth.Gonzalez@sailpointdemo.com
Sean.Riley,"CN=Sean Riley,OU=Users,OU=Demo,DC=sailpointdemo,DC=com",InvntryAnalysis,/home/32,FALSE,Sean.Riley@sailpointdemo.com
Steve.Robertson,"CN=Steve Robertson,OU=Users,OU=Demo,DC=sailpointdemo,DC=com",InvntryAnalysis,/home/33,FALSE,Steve.Robertson@sailpointdemo.com
Victor.Pierce,"CN=Victor Pierce,OU=Users,OU=Demo,DC=sailpointdemo,DC=com",InvntryAnalysis,/home/34,FALSE,Victor.Pierce@sailpointdemo.com
David.Anderson,"CN=David Anderson,OU=Users,OU=Demo,DC=sailpointdemo,DC=com",ProcureAnalysis,/home/35,FALSE,David.Anderson@sailpointdemo.com
Gary.Stewart,"CN=Gary Stewart,OU=Users,OU=Demo,DC=sailpointdemo,DC=com",ProcureAnalysis,/home/36,FALSE,Gary.Stewart@sailpointdemo.com
Harold.Patterson,"CN=Harold Patterson,OU=Users,OU=Demo,DC=sailpointdemo,DC=com",ProcureAnalysis,/home/37,FALSE,Harold.Patterson@sailpointdemo.com
Janet.Washington,"CN=Janet Washington,OU=Users,OU=Demo,DC=sailpointdemo,DC=com",ProcureAnalysis,/home/38,FALSE,Janet.Washington@sailpointdemo.com
Jason.Parker,"CN=Jason Parker,OU=Users,OU=Demo,DC=sailpointdemo,DC=com",ProcureAnalysis,/home/39,FALSE,Jason.Parker@sailpointdemo.com
Kimberly.Evans,"CN=Kimberly Evans,OU=Users,OU=Demo,DC=sailpointdemo,DC=com",ProcureAnalysis,/home/40,FALSE,Kimberly.Evans@sailpointdemo.com
Matthew.Edwards,"CN=Matthew Edwards,OU=Users,OU=Demo,DC=sailpointdemo,DC=com",ProcureAnalysis,/home/41,FALSE,Matthew.Edwards@sailpointdemo.com
Crystal.Schmidt,"CN=Crystal Schmidt,OU=Users,OU=Demo,DC=sailpointdemo,DC=com",ReceivAnalysis,/home/42,FALSE,Crystal.Schmidt@sailpointdemo.com
Gladys.Vasquez,"CN=Gladys Vasquez,OU=Users,OU=Demo,DC=sailpointdemo,DC=com",ReceivAnalysis,/home/43,FALSE,Gladys.Vasquez@sailpointdemo.com
Kathryn.Gardner,"CN=Kathryn Gardner,OU=Users,OU=Demo,DC=sailpointdemo,DC=com",ReceivAnalysis,/home/44,FALSE,Kathryn.Gardner@sailpointdemo.com
Luis.Castillo,"CN=Luis Castillo,OU=Users,OU=Demo,DC=sailpointdemo,DC=com",ReceivAnalysis,/home/45,FALSE,Luis.Castillo@sailpointdemo.com
Rita.Wheeler,"CN=Rita Wheeler,OU=Users,OU=Demo,DC=sailpointdemo,DC=com",ReceivAnalysis,/home/46,FALSE,Rita.Wheeler@sailpointdemo.com
Russell.Spencer,"CN=Russell Spencer,OU=Users,OU=Demo,DC=sailpointdemo,DC=com",ReceivAnalysis,/home/47,FALSE,Russell.Spencer@sailpointdemo.com
Tony.Carr,"CN=Tony Carr,OU=Users,OU=Demo,DC=sailpointdemo,DC=com",ReceivAnalysis,/home/48,FALSE,Tony.Carr@sailpointdemo.com
Bruce.Henry,"CN=Bruce Henry,OU=Users,OU=Demo,DC=sailpointdemo,DC=com",SupplyChain,/home/49,FALSE,Bruce.Henry@sailpointdemo.com
Debra.Wood,"CN=Debra Wood,OU=Users,OU=Demo,DC=sailpointdemo,DC=com",SupplyChain,/home/50,FALSE,Debra.Wood@sailpointdemo.com
Johnny.Elliott,"CN=Johnny Elliott,OU=Users,OU=Demo,DC=sailpointdemo,DC=com",SupplyChain,/home/51,FALSE,Johnny.Elliott@sailpointdemo.com
Leonard.Williamson,"CN=Leonard Williamson,OU=Users,OU=Demo,DC=sailpointdemo,DC=com",SupplyChain,/home/52,FALSE,Leonard.Williamson@sailpointdemo.com
Shirley.Rogers,"CN=Shirley Rogers,OU=Users,OU=Demo,DC=sailpointdemo,DC=com",SupplyChain,/home/53,FALSE,Shirley.Rogers@sailpointdemo.com
Terry.Fisher,"CN=Terry Fisher,OU=Users,OU=Demo,DC=sailpointdemo,DC=com",SupplyChain,/home/54,FALSE,Terry.Fisher@sailpointdemo.com
