"Database Name","Report Date","Permission Group","Permission Rights"
"TEST01","20080211","ACCOUNTING","DR System:YY-Function Control:NN-BackupControl:YY"
"TEST01","20080211","IT","DR System:YY-Function Control:YY-BackupControl:YY-EMPLOYEE DB:YY"
"TEST01","20080211","HR","DR System:NN-Function Control:NN-BackupControl:YY-EMPLOYEE DB:YY"
"TEST01","20080211","FINANCE","DR System:YY-Function Control:NN-BackupControl:YY"
"TEST01","20080211","ADMINISTRATORS","DR System:YY-Function Control:YY-BackupControl:YY"