<?xml version='1.0' encoding='UTF-8'?>
<!DOCTYPE sailpoint PUBLIC "sailpoint.dtd" "sailpoint.dtd">
<sailpoint>
<Application connector="sailpoint.connector.JDBCConnector"  featuresString="DISCOVER_SCHEMA, PROVISIONING, ENABLE, UNLOCK"   name="PRISM" profileClass="" type="JDBC">
  <Attributes>
    <Map>
      <entry key="SQL" value="select * from users"/>
      <entry key="acctAggregationEnd">
        <value>
          <Date>1351744997825</Date>
        </value>
      </entry>
      <entry key="acctAggregationStart">
        <value>
          <Date>1351744996247</Date>
        </value>
      </entry>
      <entry key="afterProvisioningRule"/>
      <entry key="beforeProvisioningRule"/>
      <entry key="buildMapRule" value="PRISM - BuildMap"/>
      <entry key="compositeDefinition"/>
      <entry key="driverClass" value="com.mysql.jdbc.Driver"/>
      <entry key="getObjectSQL" value="select * from users where login = &apos;$(identity)&apos;"/>
      <entry key="group.SQL" value="select * from groups"/>
      <entry key="group.driverClass" value="com.mysql.jdbc.Driver"/>
      <entry key="group.getObjectSQL" value="select * from groups where name = &apos;$(identity)&apos;"/>
      <entry key="group.indexColumns"/>
      <entry key="group.mergeColumns"/>
      <entry key="group.mergeRows">
        <value>
          <Boolean></Boolean>
        </value>
      </entry>
      <entry key="group.password" value="1:xDikd6BMwY+LL9iXETAjBg=="/>
      <entry key="group.url" value="jdbc:mysql://localhost/prism"/>
      <entry key="group.useExecuteQuery">
        <value>
          <Boolean></Boolean>
        </value>
      </entry>
      <entry key="group.user" value="root"/>
      <entry key="jdbcProvisionRule" value="PRISM - Provision"/>
      <entry key="mergeRows">
        <value>
          <Boolean></Boolean>
        </value>
      </entry>
      <entry key="nativeChangeDetectionAttributeScope" value="entitlements"/>
      <entry key="nativeChangeDetectionAttributes"/>
      <entry key="nativeChangeDetectionEnabled">
        <value>
          <Boolean></Boolean>
        </value>
      </entry>
      <entry key="nativeChangeDetectionOperations"/>
      <entry key="password" value="1:xDikd6BMwY+LL9iXETAjBg=="/>
      <entry key="sysDescriptions">
        <value>
          <Map>
            <entry key="en_US" value="This application represents the PRISM (Purchasing, Resourcing, Information Systems Management) Application.&#xA;"/>
          </Map>
        </value>
      </entry>
      <entry key="templateApplication" value="JDBC Template"/>
      <entry key="url" value="jdbc:mysql://localhost/prism"/>
      <entry key="useExecuteQuery">
        <value>
          <Boolean></Boolean>
        </value>
      </entry>
      <entry key="user" value="root"/>
    </Map>
  </Attributes>
  <CorrelationRule>
    <Reference class="sailpoint.object.Rule"  name="PRISM - Correlation"/>
  </CorrelationRule>
  <Owner>
    <Reference class="sailpoint.object.Identity"  name="Walter.Henderson"/>
  </Owner>
  <Schemas>
    <Schema  displayAttribute="login" groupAttribute="groups"  identityAttribute="login" instanceAttribute=""  nativeObjectType="account" objectType="account">
      <AttributeDefinition name="login" remediationModificationType="None" type="string">
        <Description></Description>
      </AttributeDefinition>
      <AttributeDefinition name="description" remediationModificationType="None" type="string">
        <Description></Description>
      </AttributeDefinition>
      <AttributeDefinition name="first" remediationModificationType="None" type="string">
        <Description></Description>
      </AttributeDefinition>
      <AttributeDefinition name="last" remediationModificationType="None" type="string">
        <Description></Description>
      </AttributeDefinition>
      <AttributeDefinition entitlement="true" managed="true" multi="true" name="groups" remediationModificationType="None" type="string">
        <Description></Description>
      </AttributeDefinition>
      <AttributeDefinition name="status" remediationModificationType="None" type="string">
        <Description></Description>
      </AttributeDefinition>
      <AttributeDefinition name="locked" remediationModificationType="None" type="string">
        <Description></Description>
      </AttributeDefinition>
      <AttributeDefinition name="lastLogin" remediationModificationType="None" type="string">
        <Description></Description>
      </AttributeDefinition>
    </Schema>
    <Schema  displayAttribute="name"  identityAttribute="name" instanceAttribute=""  nativeObjectType="group" objectType="group">
      <AttributeDefinition name="name" remediationModificationType="None" type="string">
        <Description></Description>
      </AttributeDefinition>
      <AttributeDefinition name="description" remediationModificationType="None" type="string">
        <Description></Description>
      </AttributeDefinition>
    </Schema>
  </Schemas>
  <Templates>
    <Template name="PRISM" usage="Create">
      <Field displayName="First Name" name="first" required="true" type="string">
        <Script>
          <Source>return identity.firstname;</Source>
        </Script>
      </Field>
      <Field displayName="Last Name" name="last" required="true" type="string">
        <Script>
          <Source>return identity.lastname;</Source>
        </Script>
      </Field>
      <Field displayName="Login ID" name="login" required="true" type="string">
        <Script>
          <Source>return identity.name;</Source>
        </Script>
      </Field>
      <Field displayName="Status" name="status" type="string" value="A"/>
      <Field displayName="Account Locked" name="locked" required="true" type="string" value="N"/>
    </Template>
    <Template name="PRISM" usage="Update">
      <Field displayName="Login" name="login" required="true" type="string">
        <Script>
          <Source>return identity.name;</Source>
        </Script>
      </Field>
      <Field displayName="First Name" name="first" required="true" type="string">
        <Script>
          <Source>return identity.firstname;</Source>
        </Script>
      </Field>
      <Field displayName="Last Name" name="last" required="true" type="string">
        <Script>
          <Source>return identity.lastname;</Source>
        </Script>
      </Field>
      <Field displayName="Status" name="status" type="string" value="A"/>
      <Field displayName="Account Locked" name="locked" required="true" type="string" value="N"/>
    </Template>
  </Templates>
</Application>
<Rule   language="beanshell" name="PRISM - Provision" type="JDBCProvision">
  <Description>A Provisioning rule for the PRISM application. Handles Account Creates/Deletes/Modifies/Unlocks/Enables/Disables</Description>
  <Signature returnType="ProvisioningResult">
    <Inputs>
      <Argument name="log">
        <Description>
          The log object associated with the SailPointContext.
        </Description>
      </Argument>
      <Argument name="context">
        <Description>
          A sailpoint.api.SailPointContext object that can be used to query the database if necessary.
        </Description>
      </Argument>
      <Argument name="application">
        <Description>
                The application whose data file is being processed.
                </Description>
      </Argument>
      <Argument name="schema">
        <Description>
                The Schema currently in use.
                </Description>
      </Argument>
      <Argument name="connection">
        <Description>
                A connection object to connect to database.
                </Description>
      </Argument>
      <Argument name="plan">
        <Description>
                The ProvisioningPlan created against the logical application.
                </Description>
      </Argument>
    </Inputs>
    <Returns>
      <Argument name="result">
        <Description>
                A Provisioning Result object is desirable to return the status.IT can be a new object or part of  Provisioning Plan
                </Description>
      </Argument>
    </Returns>
  </Signature>
  <Source>
import java.util.Date;
import java.sql.Connection;
import java.sql.DriverManager;
import java.sql.PreparedStatement;
import java.sql.Statement;
import java.sql.SQLException;
import java.sql.ResultSet;
import java.sql.Types;
import java.util.List;
import sailpoint.api.SailPointContext;
import sailpoint.connector.JDBCConnector;
import sailpoint.object.Application;
import sailpoint.object.ProvisioningPlan;
import sailpoint.object.ProvisioningPlan.AccountRequest;
import sailpoint.object.ProvisioningPlan.AttributeRequest;
import sailpoint.object.ProvisioningPlan.PermissionRequest;
import sailpoint.object.ProvisioningResult;
import sailpoint.object.Schema;
import sailpoint.tools.xml.XMLObjectFactory;
import org.apache.commons.logging.LogFactory;
import org.apache.commons.logging.Log;
import sailpoint.tools.Util;

		//
		// Internal method for grabbing an Attribute Request Value.
		//
		
	   public Object getAttributeRequestValue(AccountRequest acctReq, String attribute) {
	    	if ( acctReq != null ) {
	    	  AttributeRequest attrReq = acctReq.getAttributeRequest(attribute);
	    	  if ( attrReq != null ) {
	    	    return attrReq.getValue();
	    	  }
	    	}
	    	return null;
	    }

//
// JDBC Provisioning Rule Body
//
// We will handle these cases right now: 
// 
// Account Request Create
// Account Request Modify
// Account Request Delete
// Account Lock/Unlock
// Account Enable/Disable
//
	
Date now = new Date();

System.out.println("\n\n\n\n\n");
System.out.println("****************************************");
System.out.println("Entering Provisioning Rule for PRISM");
System.out.println(" Current Time =  " + now.toString());
System.out.println("****************************************");


//
// The ProvisioningResult is the return object for this type of rule. We'll create it here and then populate it later
//

ProvisioningResult result = new ProvisioningResult();


//
// Check if the plan is null or not, if not null, process it... 
//

if ( plan != null ) {

	System.out.println("*** \n The Provisioning Plan being passed in = \n***\n" + plan.toXml() + "\n****************************************");

	List accounts = plan.getAccountRequests();
	
	// 
	//  Get all Account Requests out of the plan
	// 

	if ( ( accounts != null ) &amp;&amp; ( accounts.size() > 0 ) ) {
	
		//
		// If the plan contains one or more account requests, we'll iterate through them
		//
		
		for ( AccountRequest account : accounts ) {
			
			try {
			
				// 
				// All of the account operations will reside in a try block in case we have any errors, we can mark the provisioningresult as "Failed" if we have an issue.
				//

				if (AccountRequest.Operation.Create.equals(account.getOperation())) {

					//
					// CREATE Operation
					// 				
				
					System.out.println("Account Request Operation = Create");

					PreparedStatement statement = connection.prepareStatement("insert into users (login,first,last,groups,status,locked) values (?,?,?,?,?,?)");
					statement.setString(1, (String) account.getNativeIdentity());
					statement.setString(2, getAttributeRequestValue(account, "first"));
					statement.setString(3, getAttributeRequestValue(account, "last"));
					statement.setString(5, getAttributeRequestValue(account, "status"));
					statement.setString(6, getAttributeRequestValue(account, "locked"));
					 //
					 // Grab the role from the request. If it's a single role, it'll be a string, add it to 
					 // the statement, other wise if it's a List, convert to CSV and add it to the statement
					 //
					 AttributeRequest attrReq = account.getAttributeRequest("groups");
					 if (attrReq != null) {
								if (attrReq.getValue() instanceof String) {
									statement.setString(4, (String) attrReq.getValue());
								} else if (attrReq.getValue() instanceof List) {
									String listOfRoles = Util.listToCsv((List) attrReq.getValue());
									statement.setString(4, listOfRoles);
								}
					 } else {
                                                               statement.setString(4,"");
                                         }

					System.out.println("Preparing to execute: " + statement);
					statement.executeUpdate();
						
					//
					// Sucessful Create, so mark result as COMMITTED
					//
					
					result.setStatus(ProvisioningResult.STATUS_COMMITTED);
					

				} else if (AccountRequest.Operation.Modify.equals(account.getOperation())) {
				
					//
					// MODIFY Operation
					// 
				
					//
					// We have a modify, this one is trickier, as we can have "Add" and "Remove" 
					// operations and each can be a single string value or a list
					//

					System.out.println("Account Request Operation = Modify");

					//
					// Determine what the current roles are first... 
					//

					Statement curr_stmt = connection.createStatement();
					ResultSet rs = curr_stmt .executeQuery("select * from users where login = '" + account.getNativeIdentity() + "'");

					//
					//  Check result set. Should only be one row since login is a unique key for the table
					//
					List current_roles = null;
					String roles = "";

					while (rs.next()) {
					   roles = roles + "," + rs.getString("groups");
					} 
					current_roles = Util.csvToList(roles,true);
					
					if (current_roles == null) {
						System.out.println("We have a null current_roles list... change it to an empty list for subsequent processing.");
						current_roles = new ArrayList();
					}

					System.out.println("Current Roles for User = " + Util.listToCsv(current_roles));

					//
					// Get all Attribute Requests and pull out just the role ones. 
					//
										
					List remove_roles = new ArrayList();
					List add_roles = new ArrayList(); 
					//
					// Get all attribute requests and then we will filter for those related to the roles column
					//
					List mod_attr_requests = account.getAttributeRequests();
							
					if (mod_attr_requests != null) {
						for (AttributeRequest req : mod_attr_requests ) {
								if (req.getName().equals("groups")) {
								   if (ProvisioningPlan.Operation.Remove.equals(req.getOperation())) {
										// Process Removes First
										if (req.getValue() instanceof String) {
												  remove_roles = Util.csvToList(req.getValue());
										} else if (req.getValue() instanceof List) {
												  remove_roles = req.getValue();                
										}
									} else if (ProvisioningPlan.Operation.Add.equals(req.getOperation())) {
										// Process Adds Second
										if (req.getValue() instanceof String) {
												   add_roles = Util.csvToList(req.getValue());
										} else if (req.getValue() instanceof List) {
												  add_roles = req.getValue();                     
										}
									} 

							   } 
						}
					}
					//
					//  We now have a calculated list of the roles we are adding, the roles we are removing, and the current roles for the user.
					//
					System.out.println("Add Roles = " + Util.listToCsv(add_roles));
					System.out.println("Remove Roles = " + Util.listToCsv(remove_roles));


					//
					// If we have roles to remove, remove them
					//
					if (!remove_roles.isEmpty()) {
						System.out.println("About to remove roles: " + remove_roles.toString() + "from the current_roles = " + current_roles.toString());
						current_roles.removeAll(remove_roles);
					}
					//
					// If we have roles to add, check if they are there and add them as we iterate through
					//
					
					if (!add_roles.isEmpty()) {
						System.out.println("About to add roles: " + add_roles.toString() + " to the current_roles = " + current_roles.toString());
						for (Object item: add_roles) {
							 if (!current_roles.contains(item)) {
									   current_roles.add(item);
							 }
						}
					}
					
					//
					//  Print out the list of roles being provisioned after processing "add" and "remove" operations
					//
					System.out.println("Updating the roles for:" + (String) account.getNativeIdentity() + " Current Roles after adding/removing = " + Util.listToCsv(current_roles)); 

					//
					// Process update SQL operation
					//

					PreparedStatement statement = connection.prepareStatement("update users set groups = ? where login = ?");
					statement.setString(2, (String) account.getNativeIdentity());
					statement.setString(1,Util.listToCsv(current_roles)); 
					statement.executeUpdate();

					// Add these in the future.
					// statement.setString ( 2,
					// getAttributeRequestValue(account,"first") );
					// statement.setString ( 3,
					// getAttributeRequestValue(account,"last") );
					// statement.setString ( 4,
					// getAttributeRequestValue(account,"groups") );
					// statement.setString ( 5,
					// getAttributeRequestValue(account,"status") );

					result.setStatus(ProvisioningResult.STATUS_COMMITTED);

				} else if (AccountRequest.Operation.Delete.equals(account.getOperation())) {
				
					//
					// DELETE Operation
					// 


					System.out.println("Account Request Operation = Delete");
					PreparedStatement statement = connection.prepareStatement("delete from users where login = ?");
					statement.setString(1, (String) account.getNativeIdentity());
					statement.executeUpdate();

					result.setStatus(ProvisioningResult.STATUS_COMMITTED);

				} else if (AccountRequest.Operation.Disable.equals(account.getOperation())) {

System.out.println("Account Request Operation = Disable");
	PreparedStatement statement = connection.prepareStatement("update users set status = 'I' where login = ?");
					statement.setString(1, (String) account.getNativeIdentity());
					statement.executeUpdate();
					result.setStatus(ProvisioningResult.STATUS_COMMITTED);

				} else if (AccountRequest.Operation.Enable.equals(account.getOperation())) {

System.out.println("Account Request Operation = Enable");
	PreparedStatement statement = connection.prepareStatement("update users set status = 'A' where login = ?");
					statement.setString(1, (String) account.getNativeIdentity());
					statement.executeUpdate();
					result.setStatus(ProvisioningResult.STATUS_COMMITTED);


				} else if (AccountRequest.Operation.Lock.equals(account.getOperation())) {

System.out.println("Account Request Operation = Lock");
	PreparedStatement statement = connection.prepareStatement("update users set locked = 'Y' where login = ?");
					statement.setString(1, (String) account.getNativeIdentity());
					statement.executeUpdate();
					result.setStatus(ProvisioningResult.STATUS_COMMITTED);


				} else if (AccountRequest.Operation.Unlock.equals(account.getOperation())) {

System.out.println("Account Request Operation = Unlock");
	PreparedStatement statement = connection.prepareStatement("update users set locked = 'N' where login = ?");
					statement.setString(1, (String) account.getNativeIdentity());
					statement.executeUpdate();
					result.setStatus(ProvisioningResult.STATUS_COMMITTED);

				} else {

					// Unknown operation!
					System.out.println("Unknown operation ["
							+ account.getOperation() + "]!");
				}

			} catch (SQLException e) {
                        System.out.println("Error: " + e);
                        result.setStatus(ProvisioningResult.STATUS_FAILED);
                        result.addError(e);
			} 
		}    // account request loop
	}     // if account requests exist
}   // if plan not null


System.out.println("****************************************");
System.out.println("****************************************");
System.out.println("Exiting Provisioning Rule for PRISM. \n  Result=  \n" + result.toXml(false));
System.out.println("****************************************");
System.out.println("****************************************");
System.out.println("\n\n\n\n\n");
		
return result;		
</Source>
</Rule>
<Rule   language="beanshell"  name="PRISM - BuildMap" type="JDBCBuildMap">
  <Description>This rule is used by the JDBC connector to build a map representation of the Resultset.</Description>
  <Signature returnType="Map">
    <Inputs>
      <Argument name="log">
        <Description>
          The log object associated with the SailPointContext.
        </Description>
      </Argument>
      <Argument name="context">
        <Description>
          A sailpoint.api.SailPointContext object that can be used to query the database if necessary.
        </Description>
      </Argument>
      <Argument name="application">
        <Description>
                The application whose data file is being processed.
                </Description>
      </Argument>
      <Argument name="schema">
        <Description>
                The Schema currently in use.
                </Description>
      </Argument>
      <Argument name="state">
        <Description>
                A Map containing state information.
                </Description>
      </Argument>
      <Argument name="result">
        <Description>
                The ResultSet from database.
                </Description>
      </Argument>
      <Argument name="connection">
        <Description>
                A connection object to connect to database.
                </Description>
      </Argument>
    </Inputs>
    <Returns>
      <Argument name="map">
        <Description>
                A Map of the resource object assembled from the data.
                </Description>
      </Argument>
    </Returns>
  </Signature>
  <Source>import sailpoint.connector.JDBCConnector;
import sailpoint.connector.Connector;
import java.util.HashMap;



		HashMap map = JDBCConnector.buildMapFromResultSet(result);                  

		if ( schema.getObjectType().compareTo( Connector.TYPE_ACCOUNT ) == 0 ) {

			String active = map.get("status");
                        if (active.equals("A")) {
				map.put( "IIQDisabled", false);
                        } else {
                                map.put("IIQDisabled", true); 
                        } 

			String locked = map.get("locked");
                        if (locked.equals("N")) {
				map.put( "IIQLocked", false);
                        } else {
                                map.put("IIQLocked", true); 
                        } 
				
		} else if ( schema.getObjectType().compareTo( Connector.TYPE_GROUP ) == 0 ) {              

			// Handle Groups here... 
		}                               

return map;</Source>
</Rule>
<Rule   language="beanshell"  name="PRISM - Correlation" type="Correlation">
  <Description>Identity Correlation Rules are used to find identities to which new accounts can be attached.

A correlation rule must return a Map with one of the specified Return arguments.</Description>
  <Signature returnType="Map">
    <Inputs>
      <Argument name="log">
        <Description>
          The log object associated with the SailPointContext.
        </Description>
      </Argument>
      <Argument name="context">
        <Description>
          A sailpoint.api.SailPointContext object that can be used to query the database if necessary.
        </Description>
      </Argument>
      <Argument name="environment" type="Map">
        <Description>
          Arguments passed to the aggregation task.
        </Description>
      </Argument>
      <Argument name="application">
        <Description>
          Application being aggregated.
        </Description>
      </Argument>
      <Argument name="account">
        <Description>
          A sailpoint.object.ResourceObject returned from the
          collector.
        </Description>
      </Argument>
      <Argument name="link">
        <Description>
          Existing link to this account.
        </Description>
      </Argument>
    </Inputs>
    <Returns>
      <Argument name="identityName">
        <Description>
          The name of an Identity object.
        </Description>
      </Argument>
      <Argument name="identity">
        <Description>
          A fully resolved Identity object if the rule wants
          to do its own queries to locate the identity.
        </Description>
      </Argument>
      <Argument name="identityAttributeName">
        <Description>
          The name of the extended attribute that can be used
          to locate an existing identity.
        </Description>
      </Argument>
      <Argument name="identityAttributeValue">
        <Description>
          The value of the named extended attribute that can be used
          to locate an existing identity. This attribute is used
          together with the identityAttributeName argument.
        </Description>
      </Argument>
    </Returns>
  </Signature>
  <Source>import java.lang.String;
import java.util.*; 
import sailpoint.object.*; 

// Try to correlate first on Login name
// If that doesn't work try lower case "first initial" plus lower case "last name" 

String login = account.getAttribute("login"); 
System.out.println("Trying to correlation PRISM account: " + login); 

Identity cube = (Identity) context.getObjectByName(Identity.class,login); 
if (null != cube) {
   // found cube
  if (cube.isCorrelated()) {
       System.out.println("Successful Correlation based on login:" + login); 
       return   java.util.Collections.singletonMap("identity", (Object) cube);
   }
} else {

     // try to add First to Last with a "." in the middle

     login = account.getAttribute("first") + "." +  account.getAttribute("last");
     System.out.println("Trying to Correlate based on new login:" + login); 

     cube = (Identity) context.getObjectByName(Identity.class,login);  
     if (null != cube) {
            // found cube
            if (cube.isCorrelated()) {
                  System.out.println("Successful Correlation based on newly calculated login:" + login); 
                  return  java.util.Collections.singletonMap("identity", (Object) cube);
             }
     }
}

// Nothing to correlate to
return  new HashMap(); </Source>
</Rule>
<TaskDefinition  formPath="/monitor/tasks/accountAggregationTask.xhtml"  name="Aggregate PRISM" resultAction="Delete" type="AccountAggregation">
  <Attributes>
    <Map>
      <entry key="applications" value="PRISM"/>
      <entry key="checkDeleted" value="true"/>
      <entry key="correlateEntitlements" value="true"/>
      <entry key="noOptimizeReaggregation" value="true"/>
      <entry key="promoteManagedAttributes" value="true"/>
    </Map>
  </Attributes>
  <Description>Task to aggregate the PRISM application.</Description>
  <Owner>
    <Reference class="sailpoint.object.Identity"  name="spadmin"/>
  </Owner>
  <Parent>
    <Reference class="sailpoint.object.TaskDefinition"  name="Account Aggregation"/>
  </Parent>
  <SignoffConfig>
    <WorkItemConfig  disabled="true" escalationStyle="none" />
  </SignoffConfig>
</TaskDefinition>
<TaskDefinition  formPath="/monitor/tasks/accountGroupAggregationTask.xhtml"  name="Aggregate PRISM Groups" resultAction="Delete" type="AccountGroupAggregation">
  <Attributes>
    <Map>
      <entry key="aggregationType" value="group"/>
      <entry key="applications" value="PRISM"/>
      <entry key="checkDeleted" value="true"/>
      <entry key="descriptionAttribute" value="description"/>
      <entry key="descriptionLocale" value="en_US"/>
    </Map>
  </Attributes>
  <Description>Task to aggregate PRISM account groups.</Description>
  <Owner>
    <Reference class="sailpoint.object.Identity"  name="spadmin"/>
  </Owner>
  <Parent>
    <Reference class="sailpoint.object.TaskDefinition"  name="Account Group Aggregation"/>
  </Parent>
</TaskDefinition>
</sailpoint>
